temp_C,substrate,boron species (BOH2),boron species (BPin),ligand,case,TM_barrier_scenario_1,TM_barrier_scenario_2
30,3_bromoquinoline,BOH2Ar_compound_2_as_BOH2_35-dimethylisoxazole-4-boronic_acid,BPinAr_compound_2_as_BPin_35-dimethylisoxazole-4-boronate,PCy3,case1,11.376544021302834,12.109558000927791
30,3_chloropyridine,BOH2Ar_compound_2_as_BOH2_35-dimethylisoxazole-4-boronic_acid,BPinAr_compound_2_as_BPin_35-dimethylisoxazole-4-boronate,PCy3,case2,12.110509891994298,14.892454514745623
30,3_chloropyridine,BOH2Ar_compound_6_benzofuran-2-boronic_acid,BPinAr_compound_6_benzofuran-2-boronate,PCy3,case3,14.169072742341086,12.105832230998203
30,2_chloropyridine,BOH2Ar_compound_9_as_BOH2_1-Boc-pyrrole-2-boronic_acid,BPinAr_compound_9_as_BPin_1-Boc-pyrrole-2-boronate,PCy3,case4,15.885117047233507,12.217347065452486
30,3_bromoquinoline,BOH2Ar_compound_2_as_BOH2_35-dimethylisoxazole-4-boronic_acid,BPinAr_compound_2_as_BPin_35-dimethylisoxazole-4-boronate,PPh3,case1,7.861395811662078,10.244733890052885
30,3_chloropyridine,BOH2Ar_compound_2_as_BOH2_35-dimethylisoxazole-4-boronic_acid,BPinAr_compound_2_as_BPin_35-dimethylisoxazole-4-boronate,PPh3,case2,9.321999960811809,10.930177625035867
30,3_chloropyridine,BOH2Ar_compound_6_benzofuran-2-boronic_acid,BPinAr_compound_6_benzofuran-2-boronate,PPh3,case3,11.331643867772073,10.082326544448733
30,2_chloropyridine,BOH2Ar_compound_9_as_BOH2_1-Boc-pyrrole-2-boronic_acid,BPinAr_compound_9_as_BPin_1-Boc-pyrrole-2-boronate,PPh3,case4,8.663133368827403,7.674601579550654
30,3_bromoquinoline,BOH2Ar_compound_2_as_BOH2_35-dimethylisoxazole-4-boronic_acid,BPinAr_compound_2_as_BPin_35-dimethylisoxazole-4-boronate,AmPhos,case1,8.829403627896681,14.86800912907347
30,3_chloropyridine,BOH2Ar_compound_2_as_BOH2_35-dimethylisoxazole-4-boronic_acid,BPinAr_compound_2_as_BPin_35-dimethylisoxazole-4-boronate,AmPhos,case2,9.28784827888012,15.112878886749968
30,3_chloropyridine,BOH2Ar_compound_6_benzofuran-2-boronic_acid,BPinAr_compound_6_benzofuran-2-boronate,AmPhos,case3,12.890376803930849,13.74366287048906
30,2_chloropyridine,BOH2Ar_compound_9_as_BOH2_1-Boc-pyrrole-2-boronic_acid,BPinAr_compound_9_as_BPin_1-Boc-pyrrole-2-boronate,AmPhos,case4,5.87242125114426,7.8508037077263
30,3_bromoquinoline,BOH2Ar_compound_2_as_BOH2_35-dimethylisoxazole-4-boronic_acid,BPinAr_compound_2_as_BPin_35-dimethylisoxazole-4-boronate,Catacxium_A,case1,8.344925375655293,13.283822934841737
30,3_chloropyridine,BOH2Ar_compound_2_as_BOH2_35-dimethylisoxazole-4-boronic_acid,BPinAr_compound_2_as_BPin_35-dimethylisoxazole-4-boronate,Catacxium_A,case2,8.375337146455422,13.065630428958684
30,3_chloropyridine,BOH2Ar_compound_6_benzofuran-2-boronic_acid,BPinAr_compound_6_benzofuran-2-boronate,Catacxium_A,case3,12.79057691944763,11.849996395874768
30,2_chloropyridine,BOH2Ar_compound_9_as_BOH2_1-Boc-pyrrole-2-boronic_acid,BPinAr_compound_9_as_BPin_1-Boc-pyrrole-2-boronate,Catacxium_A,case4,10.716723391087726,12.646021795459092
30,3_bromoquinoline,BOH2Ar_compound_2_as_BOH2_35-dimethylisoxazole-4-boronic_acid,BPinAr_compound_2_as_BPin_35-dimethylisoxazole-4-boronate,RuPhos,case1,20.092890557134524,25.589366656029597
30,3_chloropyridine,BOH2Ar_compound_2_as_BOH2_35-dimethylisoxazole-4-boronic_acid,BPinAr_compound_2_as_BPin_35-dimethylisoxazole-4-boronate,RuPhos,case2,14.36765285092406,15.604875604389235
30,3_chloropyridine,BOH2Ar_compound_6_benzofuran-2-boronic_acid,BPinAr_compound_6_benzofuran-2-boronate,RuPhos,case3,15.563419538317248,13.635414178250358
30,2_chloropyridine,BOH2Ar_compound_9_as_BOH2_1-Boc-pyrrole-2-boronic_acid,BPinAr_compound_9_as_BPin_1-Boc-pyrrole-2-boronate,RuPhos,case4,15.847831758670509,20.009114854736254
30,3_bromoquinoline,BOH2Ar_compound_2_as_BOH2_35-dimethylisoxazole-4-boronic_acid,BPinAr_compound_2_as_BPin_35-dimethylisoxazole-4-boronate,SPhos,case1,13.0368058597669,13.885773875750601
30,3_chloropyridine,BOH2Ar_compound_2_as_BOH2_35-dimethylisoxazole-4-boronic_acid,BPinAr_compound_2_as_BPin_35-dimethylisoxazole-4-boronate,SPhos,case2,16.648654627148062,28.534052540082484
30,3_chloropyridine,BOH2Ar_compound_6_benzofuran-2-boronic_acid,BPinAr_compound_6_benzofuran-2-boronate,SPhos,case3,9.1133115561679,21.11714308708906
30,2_chloropyridine,BOH2Ar_compound_9_as_BOH2_1-Boc-pyrrole-2-boronic_acid,BPinAr_compound_9_as_BPin_1-Boc-pyrrole-2-boronate,SPhos,case4,13.066860674181953,15.92116394569166
30,3_bromoquinoline,BOH2Ar_compound_2_as_BOH2_35-dimethylisoxazole-4-boronic_acid,BPinAr_compound_2_as_BPin_35-dimethylisoxazole-4-boronate,tBu3,case1,12.867406065342948,20.554154261015356
30,3_chloropyridine,BOH2Ar_compound_2_as_BOH2_35-dimethylisoxazole-4-boronic_acid,BPinAr_compound_2_as_BPin_35-dimethylisoxazole-4-boronate,tBu3,case2,10.085721771232784,15.690128164598718
30,3_chloropyridine,BOH2Ar_compound_6_benzofuran-2-boronic_acid,BPinAr_compound_6_benzofuran-2-boronate,tBu3,case3,13.272543557919562,16.686678978148848
30,2_chloropyridine,BOH2Ar_compound_9_as_BOH2_1-Boc-pyrrole-2-boronic_acid,BPinAr_compound_9_as_BPin_1-Boc-pyrrole-2-boronate,tBu3,case4,2.265690451487899,11.818089335924014
30,3_bromoquinoline,BOH2Ar_compound_2_as_BOH2_35-dimethylisoxazole-4-boronic_acid,BPinAr_compound_2_as_BPin_35-dimethylisoxazole-4-boronate,XPhos,case1,19.695810422766954,20.523072311189026
30,3_chloropyridine,BOH2Ar_compound_2_as_BOH2_35-dimethylisoxazole-4-boronic_acid,BPinAr_compound_2_as_BPin_35-dimethylisoxazole-4-boronate,XPhos,case2,9.114820851245895,12.667014485690743
30,3_chloropyridine,BOH2Ar_compound_6_benzofuran-2-boronic_acid,BPinAr_compound_6_benzofuran-2-boronate,XPhos,case3,13.63360753422603,10.235140914330259
30,2_chloropyridine,BOH2Ar_compound_9_as_BOH2_1-Boc-pyrrole-2-boronic_acid,BPinAr_compound_9_as_BPin_1-Boc-pyrrole-2-boronate,XPhos,case4,10.523091319017112,10.207415998913348
50,3_bromoquinoline,BOH2Ar_compound_2_as_BOH2_35-dimethylisoxazole-4-boronic_acid,BPinAr_compound_2_as_BPin_35-dimethylisoxazole-4-boronate,PCy3,case1,11.31763487122953,14.152618560940027
50,3_chloropyridine,BOH2Ar_compound_2_as_BOH2_35-dimethylisoxazole-4-boronic_acid,BPinAr_compound_2_as_BPin_35-dimethylisoxazole-4-boronate,PCy3,case2,12.065799621399492,16.938750664005056
50,3_chloropyridine,BOH2Ar_compound_6_benzofuran-2-boronic_acid,BPinAr_compound_6_benzofuran-2-boronate,PCy3,case3,14.057811212493107,13.98504951223731
50,2_chloropyridine,BOH2Ar_compound_9_as_BOH2_1-Boc-pyrrole-2-boronic_acid,BPinAr_compound_9_as_BPin_1-Boc-pyrrole-2-boronate,PCy3,case4,15.799888427136466,14.31631957553327
50,3_bromoquinoline,BOH2Ar_compound_2_as_BOH2_35-dimethylisoxazole-4-boronic_acid,BPinAr_compound_2_as_BPin_35-dimethylisoxazole-4-boronate,PPh3,case1,7.813723591854796,12.292640579864383
50,3_chloropyridine,BOH2Ar_compound_2_as_BOH2_35-dimethylisoxazole-4-boronic_acid,BPinAr_compound_2_as_BPin_35-dimethylisoxazole-4-boronate,PPh3,case2,9.274391270708293,12.981825455091894
50,3_chloropyridine,BOH2Ar_compound_6_benzofuran-2-boronic_acid,BPinAr_compound_6_benzofuran-2-boronate,PPh3,case3,11.275485107908025,12.112801314564422
50,2_chloropyridine,BOH2Ar_compound_9_as_BOH2_1-Boc-pyrrole-2-boronic_acid,BPinAr_compound_9_as_BPin_1-Boc-pyrrole-2-boronate,PPh3,case4,8.638852349016815,9.801616369280964
50,3_bromoquinoline,BOH2Ar_compound_2_as_BOH2_35-dimethylisoxazole-4-boronic_acid,BPinAr_compound_2_as_BPin_35-dimethylisoxazole-4-boronate,AmPhos,case1,8.812163337832317,16.936646359041333
50,3_chloropyridine,BOH2Ar_compound_2_as_BOH2_35-dimethylisoxazole-4-boronic_acid,BPinAr_compound_2_as_BPin_35-dimethylisoxazole-4-boronate,AmPhos,case2,9.250488658668473,17.20615462679416
50,3_chloropyridine,BOH2Ar_compound_6_benzofuran-2-boronic_acid,BPinAr_compound_6_benzofuran-2-boronate,AmPhos,case3,12.822222693590447,15.824528970289975
50,2_chloropyridine,BOH2Ar_compound_9_as_BOH2_1-Boc-pyrrole-2-boronic_acid,BPinAr_compound_9_as_BPin_1-Boc-pyrrole-2-boronate,AmPhos,case4,5.875046501168981,9.949393587652594
50,3_bromoquinoline,BOH2Ar_compound_2_as_BOH2_35-dimethylisoxazole-4-boronic_acid,BPinAr_compound_2_as_BPin_35-dimethylisoxazole-4-boronate,Catacxium_A,case1,8.310428115772083,15.350317805074155
50,3_chloropyridine,BOH2Ar_compound_2_as_BOH2_35-dimethylisoxazole-4-boronic_acid,BPinAr_compound_2_as_BPin_35-dimethylisoxazole-4-boronate,Catacxium_A,case2,8.321211036294699,15.101269409060478
50,3_chloropyridine,BOH2Ar_compound_6_benzofuran-2-boronic_acid,BPinAr_compound_6_benzofuran-2-boronate,Catacxium_A,case3,12.729026729706675,13.875078996177763
50,2_chloropyridine,BOH2Ar_compound_9_as_BOH2_1-Boc-pyrrole-2-boronic_acid,BPinAr_compound_9_as_BPin_1-Boc-pyrrole-2-boronate,Catacxium_A,case4,10.703389421105385,14.78415388520807
50,3_bromoquinoline,BOH2Ar_compound_2_as_BOH2_35-dimethylisoxazole-4-boronic_acid,BPinAr_compound_2_as_BPin_35-dimethylisoxazole-4-boronate,RuPhos,case1,20.088129917159677,27.61167098628357
50,3_chloropyridine,BOH2Ar_compound_2_as_BOH2_35-dimethylisoxazole-4-boronic_acid,BPinAr_compound_2_as_BPin_35-dimethylisoxazole-4-boronate,RuPhos,case2,14.36267692130059,17.611078534508124
50,3_chloropyridine,BOH2Ar_compound_6_benzofuran-2-boronic_acid,BPinAr_compound_6_benzofuran-2-boronate,RuPhos,case3,15.539702808484435,15.70979603822343
50,2_chloropyridine,BOH2Ar_compound_9_as_BOH2_1-Boc-pyrrole-2-boronic_acid,BPinAr_compound_9_as_BPin_1-Boc-pyrrole-2-boronate,RuPhos,case4,15.86411072826013,22.099199574207887
50,3_bromoquinoline,BOH2Ar_compound_2_as_BOH2_35-dimethylisoxazole-4-boronic_acid,BPinAr_compound_2_as_BPin_35-dimethylisoxazole-4-boronate,SPhos,case1,13.065403199987486,16.018089985707775
50,3_chloropyridine,BOH2Ar_compound_2_as_BOH2_35-dimethylisoxazole-4-boronic_acid,BPinAr_compound_2_as_BPin_35-dimethylisoxazole-4-boronate,SPhos,case2,16.626716377213597,30.63039635051973
50,3_chloropyridine,BOH2Ar_compound_6_benzofuran-2-boronic_acid,BPinAr_compound_6_benzofuran-2-boronate,SPhos,case3,9.107917896471918,23.18847873713821
50,2_chloropyridine,BOH2Ar_compound_9_as_BOH2_1-Boc-pyrrole-2-boronic_acid,BPinAr_compound_9_as_BPin_1-Boc-pyrrole-2-boronate,SPhos,case4,13.118702774168923,18.110109815606847
50,3_bromoquinoline,BOH2Ar_compound_2_as_BOH2_35-dimethylisoxazole-4-boronic_acid,BPinAr_compound_2_as_BPin_35-dimethylisoxazole-4-boronate,tBu3,case1,12.848730655154213,22.63536525075324
50,3_chloropyridine,BOH2Ar_compound_2_as_BOH2_35-dimethylisoxazole-4-boronic_acid,BPinAr_compound_2_as_BPin_35-dimethylisoxazole-4-boronate,tBu3,case2,10.025081831263378,17.715409404831007
50,3_chloropyridine,BOH2Ar_compound_6_benzofuran-2-boronic_acid,BPinAr_compound_6_benzofuran-2-boronate,tBu3,case3,13.232474227901548,18.73970152833499
50,2_chloropyridine,BOH2Ar_compound_9_as_BOH2_1-Boc-pyrrole-2-boronic_acid,BPinAr_compound_9_as_BPin_1-Boc-pyrrole-2-boronate,tBu3,case4,2.2897344515658915,13.916578815784305
50,3_bromoquinoline,BOH2Ar_compound_2_as_BOH2_35-dimethylisoxazole-4-boronic_acid,BPinAr_compound_2_as_BPin_35-dimethylisoxazole-4-boronate,XPhos,case1,19.639463072642684,22.655619661323726
50,3_chloropyridine,BOH2Ar_compound_2_as_BOH2_35-dimethylisoxazole-4-boronic_acid,BPinAr_compound_2_as_BPin_35-dimethylisoxazole-4-boronate,XPhos,case2,9.064624031074345,14.751199156045914
50,3_chloropyridine,BOH2Ar_compound_6_benzofuran-2-boronic_acid,BPinAr_compound_6_benzofuran-2-boronate,XPhos,case3,13.539109003962949,12.308633944485337
50,2_chloropyridine,BOH2Ar_compound_9_as_BOH2_1-Boc-pyrrole-2-boronic_acid,BPinAr_compound_9_as_BPin_1-Boc-pyrrole-2-boronate,XPhos,case4,10.572034328710288,10.235767618753016
70,3_bromoquinoline,BOH2Ar_compound_2_as_BOH2_35-dimethylisoxazole-4-boronic_acid,BPinAr_compound_2_as_BPin_35-dimethylisoxazole-4-boronate,PCy3,case1,11.258262591203675,16.203661390580237
70,3_chloropyridine,BOH2Ar_compound_2_as_BOH2_35-dimethylisoxazole-4-boronic_acid,BPinAr_compound_2_as_BPin_35-dimethylisoxazole-4-boronate,PCy3,case2,12.022183051565662,18.99331361427903
70,3_chloropyridine,BOH2Ar_compound_6_benzofuran-2-boronic_acid,BPinAr_compound_6_benzofuran-2-boronate,PCy3,case3,13.946751602459699,15.947453312110156
70,2_chloropyridine,BOH2Ar_compound_9_as_BOH2_1-Boc-pyrrole-2-boronic_acid,BPinAr_compound_9_as_BPin_1-Boc-pyrrole-2-boronate,PCy3,case4,15.71258249715902,16.42343896511011
70,3_bromoquinoline,BOH2Ar_compound_2_as_BOH2_35-dimethylisoxazole-4-boronic_acid,BPinAr_compound_2_as_BPin_35-dimethylisoxazole-4-boronate,PPh3,case1,7.767863961867988,14.348700489848852
70,3_chloropyridine,BOH2Ar_compound_2_as_BOH2_35-dimethylisoxazole-4-boronic_acid,BPinAr_compound_2_as_BPin_35-dimethylisoxazole-4-boronate,PPh3,case2,9.227593110408634,15.041237235069275
70,3_chloropyridine,BOH2Ar_compound_6_benzofuran-2-boronic_acid,BPinAr_compound_6_benzofuran-2-boronate,PPh3,case3,11.21802810789086,14.150597394444048
70,2_chloropyridine,BOH2Ar_compound_9_as_BOH2_1-Boc-pyrrole-2-boronic_acid,BPinAr_compound_9_as_BPin_1-Boc-pyrrole-2-boronate,PPh3,case4,8.61222734907642,11.936290989397094
70,3_bromoquinoline,BOH2Ar_compound_2_as_BOH2_35-dimethylisoxazole-4-boronic_acid,BPinAr_compound_2_as_BPin_35-dimethylisoxazole-4-boronate,AmPhos,case1,8.796285047894344,19.013316028984264
70,3_chloropyridine,BOH2Ar_compound_2_as_BOH2_35-dimethylisoxazole-4-boronic_acid,BPinAr_compound_2_as_BPin_35-dimethylisoxazole-4-boronate,AmPhos,case2,9.213455568766221,19.30534067656845
70,3_chloropyridine,BOH2Ar_compound_6_benzofuran-2-boronic_acid,BPinAr_compound_6_benzofuran-2-boronate,AmPhos,case3,12.755770733812824,17.912087550153956
70,2_chloropyridine,BOH2Ar_compound_9_as_BOH2_1-Boc-pyrrole-2-boronic_acid,BPinAr_compound_9_as_BPin_1-Boc-pyrrole-2-boronate,AmPhos,case4,5.877477371133864,12.053197267465293
70,3_bromoquinoline,BOH2Ar_compound_2_as_BOH2_35-dimethylisoxazole-4-boronic_acid,BPinAr_compound_2_as_BPin_35-dimethylisoxazole-4-boronate,Catacxium_A,case1,8.275140195619315,17.424524154979736
70,3_chloropyridine,BOH2Ar_compound_2_as_BOH2_35-dimethylisoxazole-4-boronic_acid,BPinAr_compound_2_as_BPin_35-dimethylisoxazole-4-boronate,Catacxium_A,case2,8.26612502639182,17.143001239048317
70,3_chloropyridine,BOH2Ar_compound_6_benzofuran-2-boronic_acid,BPinAr_compound_6_benzofuran-2-boronate,Catacxium_A,case3,12.667524349642918,15.906871725805104
70,2_chloropyridine,BOH2Ar_compound_9_as_BOH2_1-Boc-pyrrole-2-boronic_acid,BPinAr_compound_9_as_BPin_1-Boc-pyrrole-2-boronate,Catacxium_A,case4,10.688214801019058,16.929469705093652
70,3_bromoquinoline,BOH2Ar_compound_2_as_BOH2_35-dimethylisoxazole-4-boronic_acid,BPinAr_compound_2_as_BPin_35-dimethylisoxazole-4-boronate,RuPhos,case1,20.08330232743174,29.64112192648463
70,3_chloropyridine,BOH2Ar_compound_2_as_BOH2_35-dimethylisoxazole-4-boronic_acid,BPinAr_compound_2_as_BPin_35-dimethylisoxazole-4-boronate,RuPhos,case2,14.359224471263587,19.62600078433752
70,3_chloropyridine,BOH2Ar_compound_6_benzofuran-2-boronic_acid,BPinAr_compound_6_benzofuran-2-boronate,RuPhos,case3,15.516909358790144,17.79373929835856
70,2_chloropyridine,BOH2Ar_compound_9_as_BOH2_1-Boc-pyrrole-2-boronic_acid,BPinAr_compound_9_as_BPin_1-Boc-pyrrole-2-boronate,RuPhos,case4,15.882344998652115,24.198243524413556
70,3_bromoquinoline,BOH2Ar_compound_2_as_BOH2_35-dimethylisoxazole-4-boronic_acid,BPinAr_compound_2_as_BPin_35-dimethylisoxazole-4-boronate,SPhos,case1,13.094343519769609,18.15792291541584
70,3_chloropyridine,BOH2Ar_compound_2_as_BOH2_35-dimethylisoxazole-4-boronic_acid,BPinAr_compound_2_as_BPin_35-dimethylisoxazole-4-boronate,SPhos,case2,16.605302637210116,32.734331330284476
70,3_chloropyridine,BOH2Ar_compound_6_benzofuran-2-boronic_acid,BPinAr_compound_6_benzofuran-2-boronate,SPhos,case3,10.112314471509308,25.266793817048892
70,2_chloropyridine,BOH2Ar_compound_9_as_BOH2_1-Boc-pyrrole-2-boronic_acid,BPinAr_compound_9_as_BPin_1-Boc-pyrrole-2-boronate,SPhos,case4,13.16863704379648,20.308556475210935
70,3_bromoquinoline,BOH2Ar_compound_2_as_BOH2_35-dimethylisoxazole-4-boronic_acid,BPinAr_compound_2_as_BPin_35-dimethylisoxazole-4-boronate,tBu3,case1,12.830310285557061,24.724775430979207
70,3_chloropyridine,BOH2Ar_compound_2_as_BOH2_35-dimethylisoxazole-4-boronic_acid,BPinAr_compound_2_as_BPin_35-dimethylisoxazole-4-boronate,tBu3,case2,9.964824111200869,19.747340724570677
70,3_chloropyridine,BOH2Ar_compound_6_benzofuran-2-boronic_acid,BPinAr_compound_6_benzofuran-2-boronate,tBu3,case3,13.192703488050029,20.800600288202986
70,2_chloropyridine,BOH2Ar_compound_9_as_BOH2_1-Boc-pyrrole-2-boronic_acid,BPinAr_compound_9_as_BPin_1-Boc-pyrrole-2-boronate,tBu3,case4,2.315115221310407,16.021763825556263
70,3_bromoquinoline,BOH2Ar_compound_2_as_BOH2_35-dimethylisoxazole-4-boronic_acid,BPinAr_compound_2_as_BPin_35-dimethylisoxazole-4-boronate,XPhos,case1,19.584916572552174,24.79513857094571
70,3_chloropyridine,BOH2Ar_compound_2_as_BOH2_35-dimethylisoxazole-4-boronic_acid,BPinAr_compound_2_as_BPin_35-dimethylisoxazole-4-boronate,XPhos,case2,9.013387001352385,16.840988036012277
70,3_chloropyridine,BOH2Ar_compound_6_benzofuran-2-boronic_acid,BPinAr_compound_6_benzofuran-2-boronate,XPhos,case3,13.446013084147125,14.389618304325268
70,2_chloropyridine,BOH2Ar_compound_9_as_BOH2_1-Boc-pyrrole-2-boronic_acid,BPinAr_compound_9_as_BPin_1-Boc-pyrrole-2-boronate,XPhos,case4,10.618646398885176,10.265182468807325
90,3_bromoquinoline,BOH2Ar_compound_2_as_BOH2_35-dimethylisoxazole-4-boronic_acid,BPinAr_compound_2_as_BPin_35-dimethylisoxazole-4-boronate,PCy3,case1,11.198602971155196,18.261635270668194
90,3_chloropyridine,BOH2Ar_compound_2_as_BOH2_35-dimethylisoxazole-4-boronic_acid,BPinAr_compound_2_as_BPin_35-dimethylisoxazole-4-boronate,PCy3,case2,11.979732391657308,21.055101954145357
90,3_chloropyridine,BOH2Ar_compound_6_benzofuran-2-boronic_acid,BPinAr_compound_6_benzofuran-2-boronate,PCy3,case3,13.836066752439365,17.917406741995364
90,2_chloropyridine,BOH2Ar_compound_9_as_BOH2_1-Boc-pyrrole-2-boronic_acid,BPinAr_compound_9_as_BPin_1-Boc-pyrrole-2-boronate,PCy3,case4,15.623461617389694,18.53767368546687
90,3_bromoquinoline,BOH2Ar_compound_2_as_BOH2_35-dimethylisoxazole-4-boronic_acid,BPinAr_compound_2_as_BPin_35-dimethylisoxazole-4-boronate,PPh3,case1,7.723827161826193,16.411853639641777
90,3_chloropyridine,BOH2Ar_compound_2_as_BOH2_35-dimethylisoxazole-4-boronic_acid,BPinAr_compound_2_as_BPin_35-dimethylisoxazole-4-boronate,PPh3,case2,9.181704940507188,17.10737427487038
90,3_chloropyridine,BOH2Ar_compound_6_benzofuran-2-boronic_acid,BPinAr_compound_6_benzofuran-2-boronate,PPh3,case3,11.15954189794138,16.19476900412701
90,2_chloropyridine,BOH2Ar_compound_9_as_BOH2_1-Boc-pyrrole-2-boronic_acid,BPinAr_compound_9_as_BPin_1-Boc-pyrrole-2-boronate,PPh3,case4,8.58353101904504,14.077609219355509
90,3_bromoquinoline,BOH2Ar_compound_2_as_BOH2_35-dimethylisoxazole-4-boronic_acid,BPinAr_compound_2_as_BPin_35-dimethylisoxazole-4-boronate,AmPhos,case1,8.781845377758145,21.097009159158915
90,3_chloropyridine,BOH2Ar_compound_2_as_BOH2_35-dimethylisoxazole-4-boronic_acid,BPinAr_compound_2_as_BPin_35-dimethylisoxazole-4-boronate,AmPhos,case2,9.17692083842121,21.409519116627052
90,3_chloropyridine,BOH2Ar_compound_6_benzofuran-2-boronic_acid,BPinAr_compound_6_benzofuran-2-boronate,AmPhos,case3,12.691101623699069,20.00541466032155
90,2_chloropyridine,BOH2Ar_compound_9_as_BOH2_1-Boc-pyrrole-2-boronic_acid,BPinAr_compound_9_as_BPin_1-Boc-pyrrole-2-boronate,AmPhos,case4,5.879861411172897,14.161390957888216
90,3_bromoquinoline,BOH2Ar_compound_2_as_BOH2_35-dimethylisoxazole-4-boronic_acid,BPinAr_compound_2_as_BPin_35-dimethylisoxazole-4-boronate,Catacxium_A,case1,8.239250095561147,19.505411814898252
90,3_chloropyridine,BOH2Ar_compound_2_as_BOH2_35-dimethylisoxazole-4-boronic_acid,BPinAr_compound_2_as_BPin_35-dimethylisoxazole-4-boronate,Catacxium_A,case2,8.21028453647159,19.1898938389495
90,3_chloropyridine,BOH2Ar_compound_6_benzofuran-2-boronic_acid,BPinAr_compound_6_benzofuran-2-boronate,Catacxium_A,case3,12.606232499703765,17.944449765840545
90,2_chloropyridine,BOH2Ar_compound_9_as_BOH2_1-Boc-pyrrole-2-boronic_acid,BPinAr_compound_9_as_BPin_1-Boc-pyrrole-2-boronate,Catacxium_A,case4,10.671432421077043,19.08097318513319
90,3_bromoquinoline,BOH2Ar_compound_2_as_BOH2_35-dimethylisoxazole-4-boronic_acid,BPinAr_compound_2_as_BPin_35-dimethylisoxazole-4-boronate,RuPhos,case1,20.07851129746996,31.6767296763137
90,3_chloropyridine,BOH2Ar_compound_2_as_BOH2_35-dimethylisoxazole-4-boronic_acid,BPinAr_compound_2_as_BPin_35-dimethylisoxazole-4-boronate,RuPhos,case2,14.357338011497632,21.648665104527026
90,3_chloropyridine,BOH2Ar_compound_6_benzofuran-2-boronic_acid,BPinAr_compound_6_benzofuran-2-boronate,RuPhos,case3,15.495147268520668,19.886176618281752
90,2_chloropyridine,BOH2Ar_compound_9_as_BOH2_1-Boc-pyrrole-2-boronic_acid,BPinAr_compound_9_as_BPin_1-Boc-pyrrole-2-boronate,RuPhos,case4,15.902559178648517,26.30520855425857
90,3_bromoquinoline,BOH2Ar_compound_2_as_BOH2_35-dimethylisoxazole-4-boronic_acid,BPinAr_compound_2_as_BPin_35-dimethylisoxazole-4-boronate,SPhos,case1,13.123654399998486,20.30427840561606
90,3_chloropyridine,BOH2Ar_compound_2_as_BOH2_35-dimethylisoxazole-4-boronic_acid,BPinAr_compound_2_as_BPin_35-dimethylisoxazole-4-boronate,SPhos,case2,17.295338904717937,34.84481531009078
90,3_chloropyridine,BOH2Ar_compound_6_benzofuran-2-boronic_acid,BPinAr_compound_6_benzofuran-2-boronate,SPhos,case3,11.228642261587083,27.35112994699739
90,2_chloropyridine,BOH2Ar_compound_9_as_BOH2_1-Boc-pyrrole-2-boronic_acid,BPinAr_compound_9_as_BPin_1-Boc-pyrrole-2-boronate,SPhos,case4,13.216914504067972,22.515332725364715
90,3_bromoquinoline,BOH2Ar_compound_2_as_BOH2_35-dimethylisoxazole-4-boronic_acid,BPinAr_compound_2_as_BPin_35-dimethylisoxazole-4-boronate,tBu3,case1,12.812233215430751,26.821325031109154
90,3_chloropyridine,BOH2Ar_compound_2_as_BOH2_35-dimethylisoxazole-4-boronic_acid,BPinAr_compound_2_as_BPin_35-dimethylisoxazole-4-boronate,tBu3,case2,9.905083511024714,21.784999434370548
90,3_chloropyridine,BOH2Ar_compound_6_benzofuran-2-boronic_acid,BPinAr_compound_6_benzofuran-2-boronate,tBu3,case3,13.153359617805108,22.868388538016006
90,2_chloropyridine,BOH2Ar_compound_9_as_BOH2_1-Boc-pyrrole-2-boronic_acid,BPinAr_compound_9_as_BPin_1-Boc-pyrrole-2-boronate,tBu3,case4,2.3418479312676936,18.132728405762464
90,3_bromoquinoline,BOH2Ar_compound_2_as_BOH2_35-dimethylisoxazole-4-boronic_acid,BPinAr_compound_2_as_BPin_35-dimethylisoxazole-4-boronate,XPhos,case1,19.53224392258562,26.940624851034954
90,3_chloropyridine,BOH2Ar_compound_2_as_BOH2_35-dimethylisoxazole-4-boronic_acid,BPinAr_compound_2_as_BPin_35-dimethylisoxazole-4-boronate,XPhos,case2,8.961324371164665,18.935466625727713
90,3_chloropyridine,BOH2Ar_compound_6_benzofuran-2-boronic_acid,BPinAr_compound_6_benzofuran-2-boronate,XPhos,case3,13.354452774161473,16.477114364271984
90,2_chloropyridine,BOH2Ar_compound_9_as_BOH2_1-Boc-pyrrole-2-boronic_acid,BPinAr_compound_9_as_BPin_1-Boc-pyrrole-2-boronate,XPhos,case4,10.663170099025592,10.295711848884821
110,3_bromoquinoline,BOH2Ar_compound_2_as_BOH2_35-dimethylisoxazole-4-boronic_acid,BPinAr_compound_2_as_BPin_35-dimethylisoxazole-4-boronate,PCy3,case1,11.138796251267195,20.325656990520656
110,3_chloropyridine,BOH2Ar_compound_2_as_BOH2_35-dimethylisoxazole-4-boronic_acid,BPinAr_compound_2_as_BPin_35-dimethylisoxazole-4-boronate,PCy3,case2,11.938501101685688,23.123237134423107
110,3_chloropyridine,BOH2Ar_compound_6_benzofuran-2-boronic_acid,BPinAr_compound_6_benzofuran-2-boronate,PCy3,case3,13.725896162446588,19.89407290238887
110,2_chloropyridine,BOH2Ar_compound_9_as_BOH2_1-Boc-pyrrole-2-boronic_acid,BPinAr_compound_9_as_BPin_1-Boc-pyrrole-2-boronate,PCy3,case4,15.532746417215094,20.658151705516502
110,3_bromoquinoline,BOH2Ar_compound_2_as_BOH2_35-dimethylisoxazole-4-boronic_acid,BPinAr_compound_2_as_BPin_35-dimethylisoxazole-4-boronate,PPh3,case1,7.681612951681018,18.48120992956683
110,3_chloropyridine,BOH2Ar_compound_2_as_BOH2_35-dimethylisoxazole-4-boronic_acid,BPinAr_compound_2_as_BPin_35-dimethylisoxazole-4-boronate,PPh3,case2,9.136803640751168,19.179365805350244
110,3_chloropyridine,BOH2Ar_compound_6_benzofuran-2-boronic_acid,BPinAr_compound_6_benzofuran-2-boronate,PPh3,case3,11.100246988004074,18.24451828468591
110,2_chloropyridine,BOH2Ar_compound_9_as_BOH2_1-Boc-pyrrole-2-boronic_acid,BPinAr_compound_9_as_BPin_1-Boc-pyrrole-2-boronate,PPh3,case4,8.552990769036114,16.224712619557977
110,3_bromoquinoline,BOH2Ar_compound_2_as_BOH2_35-dimethylisoxazole-4-boronic_acid,BPinAr_compound_2_as_BPin_35-dimethylisoxazole-4-boronate,AmPhos,case1,8.7688961380627,23.186875929124653
110,3_chloropyridine,BOH2Ar_compound_2_as_BOH2_35-dimethylisoxazole-4-boronic_acid,BPinAr_compound_2_as_BPin_35-dimethylisoxazole-4-boronate,AmPhos,case2,9.141019178787246,23.517925487132743
110,3_chloropyridine,BOH2Ar_compound_6_benzofuran-2-boronic_acid,BPinAr_compound_6_benzofuran-2-boronate,AmPhos,case3,12.628270993707702,22.103734000353143
110,2_chloropyridine,BOH2Ar_compound_9_as_BOH2_1-Boc-pyrrole-2-boronic_acid,BPinAr_compound_9_as_BPin_1-Boc-pyrrole-2-boronate,AmPhos,case4,5.88231805106625,16.273291097488254
110,3_bromoquinoline,BOH2Ar_compound_2_as_BOH2_35-dimethylisoxazole-4-boronic_acid,BPinAr_compound_2_as_BPin_35-dimethylisoxazole-4-boronate,Catacxium_A,case1,8.20291091571562,21.592116395244375
110,3_chloropyridine,BOH2Ar_compound_2_as_BOH2_35-dimethylisoxazole-4-boronic_acid,BPinAr_compound_2_as_BPin_35-dimethylisoxazole-4-boronate,Catacxium_A,case2,8.153858056524768,21.24117014883086
110,3_chloropyridine,BOH2Ar_compound_6_benzofuran-2-boronic_acid,BPinAr_compound_6_benzofuran-2-boronate,Catacxium_A,case3,12.545280249556527,19.987036515958607
110,2_chloropyridine,BOH2Ar_compound_9_as_BOH2_1-Boc-pyrrole-2-boronic_acid,BPinAr_compound_9_as_BPin_1-Boc-pyrrole-2-boronate,Catacxium_A,case4,10.653241481166333,21.237829635385424
110,3_bromoquinoline,BOH2Ar_compound_2_as_BOH2_35-dimethylisoxazole-4-boronic_acid,BPinAr_compound_2_as_BPin_35-dimethylisoxazole-4-boronate,RuPhos,case1,20.073841787409037,33.71766506670974
110,3_chloropyridine,BOH2Ar_compound_2_as_BOH2_35-dimethylisoxazole-4-boronic_acid,BPinAr_compound_2_as_BPin_35-dimethylisoxazole-4-boronate,RuPhos,case2,14.357043081196025,23.678237634478137
110,3_chloropyridine,BOH2Ar_compound_6_benzofuran-2-boronic_acid,BPinAr_compound_6_benzofuran-2-boronate,RuPhos,case3,15.474491738947108,21.986191388452426
110,2_chloropyridine,BOH2Ar_compound_9_as_BOH2_1-Boc-pyrrole-2-boronic_acid,BPinAr_compound_9_as_BPin_1-Boc-pyrrole-2-boronate,RuPhos,case4,15.92476194864139,28.419214074499905
110,3_bromoquinoline,BOH2Ar_compound_2_as_BOH2_35-dimethylisoxazole-4-boronic_acid,BPinAr_compound_2_as_BPin_35-dimethylisoxazole-4-boronate,SPhos,case1,13.153355909977108,22.45631917542778
110,3_chloropyridine,BOH2Ar_compound_2_as_BOH2_35-dimethylisoxazole-4-boronic_acid,BPinAr_compound_2_as_BPin_35-dimethylisoxazole-4-boronate,SPhos,case2,18.503140084911138,36.96096811047755
110,3_chloropyridine,BOH2Ar_compound_6_benzofuran-2-boronic_acid,BPinAr_compound_6_benzofuran-2-boronate,SPhos,case3,12.3442499616649,29.44067873735912
110,2_chloropyridine,BOH2Ar_compound_9_as_BOH2_1-Boc-pyrrole-2-boronic_acid,BPinAr_compound_9_as_BPin_1-Boc-pyrrole-2-boronate,SPhos,case4,13.263745604082942,24.729449885431677
110,3_bromoquinoline,BOH2Ar_compound_2_as_BOH2_35-dimethylisoxazole-4-boronic_acid,BPinAr_compound_2_as_BPin_35-dimethylisoxazole-4-boronate,tBu3,case1,12.794564915355295,28.924120801035315
110,3_chloropyridine,BOH2Ar_compound_2_as_BOH2_35-dimethylisoxazole-4-boronic_acid,BPinAr_compound_2_as_BPin_35-dimethylisoxazole-4-boronate,tBu3,case2,9.845963531173766,23.82761187432334
110,3_chloropyridine,BOH2Ar_compound_6_benzofuran-2-boronic_acid,BPinAr_compound_6_benzofuran-2-boronate,tBu3,case3,13.114537907997146,24.94223245792091
110,2_chloropyridine,BOH2Ar_compound_9_as_BOH2_1-Boc-pyrrole-2-boronic_acid,BPinAr_compound_9_as_BPin_1-Boc-pyrrole-2-boronate,tBu3,case4,2.369938841788098,20.248702115844935
110,3_bromoquinoline,BOH2Ar_compound_2_as_BOH2_35-dimethylisoxazole-4-boronic_acid,BPinAr_compound_2_as_BPin_35-dimethylisoxazole-4-boronate,XPhos,case1,19.481489822734147,29.091237771091983
110,3_chloropyridine,BOH2Ar_compound_2_as_BOH2_35-dimethylisoxazole-4-boronic_acid,BPinAr_compound_2_as_BPin_35-dimethylisoxazole-4-boronate,XPhos,case2,8.908615330932662,21.0338749459479
110,3_chloropyridine,BOH2Ar_compound_6_benzofuran-2-boronic_acid,BPinAr_compound_6_benzofuran-2-boronate,XPhos,case3,13.26452441397123,18.570297403959557
110,2_chloropyridine,BOH2Ar_compound_9_as_BOH2_1-Boc-pyrrole-2-boronic_acid,BPinAr_compound_9_as_BPin_1-Boc-pyrrole-2-boronate,XPhos,case4,10.705811228835955,10.32738706888631
