temperature_C,substrate,boron_species_BOH2,boron_species_BPin,ligand,case,dG_TM_react_8_kcal_mol,dG_TM_react_9_kcal_mol,dG_TM_reactant_10_kcal_mol,dG_TM_reactant_kcal_mol,dG_TM_TS_kcal_mol,dG_TM_product_kcal_mol,total_barrier_kcal_mol,standard_state
30,3_bromoquinoline,BOH2Ar_compound_2_as_BOH2_35-dimethylisoxazole-4-boronic_acid,BPinAr_compound_2_as_BPin_35-dimethylisoxazole-4-boronate,PCy3,case1,-36.796680215746164,-30.5681353607215,-14.13599703554064,-10.995498246978968,-2.759453014470637,-17.924136778805405,34.03722720127553,1bar
30,3_chloropyridine,BOH2Ar_compound_2_as_BOH2_35-dimethylisoxazole-4-boronic_acid,BPinAr_compound_2_as_BPin_35-dimethylisoxazole-4-boronate,PCy3,case2,-21.72005738457665,-22.851042054593563,-12.087066392879933,-11.56748657207936,0.023443499114364386,-17.544524982571602,22.874485553707927,1bar
30,3_chloropyridine,BOH2Ar_compound_6_benzofuran-2-boronic_acid,BPinAr_compound_6_benzofuran-2-boronate,PCy3,case3,-21.72005738457665,-31.67957369843498,-15.37720766570419,-13.313967154361308,-1.208134923595935,-20.384924069046974,30.471438774839044,1bar
30,2_chloropyridine,BOH2Ar_compound_9_as_BOH2_1-Boc-pyrrole-2-boronic_acid,BPinAr_compound_9_as_BPin_1-Boc-pyrrole-2-boronate,PCy3,case4,-37.00121291121468,-35.2849374380894,-19.29049185477197,-5.066946357488632,-3.405374807305634,-30.554565706755966,33.595838103909045,1bar
30,3_bromoquinoline,BOH2Ar_compound_2_as_BOH2_35-dimethylisoxazole-4-boronic_acid,BPinAr_compound_2_as_BPin_35-dimethylisoxazole-4-boronate,PPh3,case1,-19.631359898485243,-31.188742640893906,-12.485672937240452,-11.470691156107932,-4.624277125578374,-15.654544573277235,26.564465515315533,1bar
30,3_chloropyridine,BOH2Ar_compound_2_as_BOH2_35-dimethylisoxazole-4-boronic_acid,BPinAr_compound_2_as_BPin_35-dimethylisoxazole-4-boronate,PPh3,case2,-15.857625612523407,-28.15833122562617,-13.260833350941539,-11.278493974357843,-3.9388333903625607,-15.94578947685659,24.21949783526361,1bar
30,3_chloropyridine,BOH2Ar_compound_6_benzofuran-2-boronic_acid,BPinAr_compound_6_benzofuran-2-boronate,PPh3,case3,-15.857625612523407,-30.322996412869543,-14.488632419146597,-12.295030421111733,-3.1569885509088635,-17.05404656380415,27.16600786196068,1bar
30,2_chloropyridine,BOH2Ar_compound_9_as_BOH2_1-Boc-pyrrole-2-boronic_acid,BPinAr_compound_9_as_BPin_1-Boc-pyrrole-2-boronate,PPh3,case4,-18.914943411014974,-39.403084374498576,-16.61125366203487,-13.018701510038227,-7.948120293207467,-27.855001560412347,31.45496408129111,1bar
30,3_chloropyridine,BOH2Ar_compound_2_as_BOH2_35-dimethylisoxazole-4-boronic_acid,BPinAr_compound_2_as_BPin_35-dimethylisoxazole-4-boronate,AmPhos,case2,-19.524111127015203,-18.40711078932509,-9.04398040752858,-7.669879849534482,0.2438678713515401,-17.467249606736004,19.767978998366743,1bar
30,3_chloropyridine,BOH2Ar_compound_6_benzofuran-2-boronic_acid,BPinAr_compound_6_benzofuran-2-boronate,AmPhos,case3,-19.524111127015203,-22.634041720069945,-12.386029029265046,-8.012201250065118,0.504347775131464,-17.16152434889227,23.13838949520141,1bar
30,2_chloropyridine,BOH2Ar_compound_9_as_BOH2_1-Boc-pyrrole-2-boronic_acid,BPinAr_compound_9_as_BPin_1-Boc-pyrrole-2-boronate,AmPhos,case4,-21.246009579859674,-21.373241376131773,-13.64433941617608,-13.396414184942842,-7.771918165497482,-34.05822487361729,13.601323210634291,1bar
30,3_bromoquinoline,BOH2Ar_compound_2_as_BOH2_35-dimethylisoxazole-4-boronic_acid,BPinAr_compound_2_as_BPin_35-dimethylisoxazole-4-boronate,Catacxium_A,case1,-16.438739971257746,-18.992732094135135,-9.930113456211984,-9.20512288250029,-1.5851880805566907,-15.877472243271768,17.407544013578445,1bar
30,3_chloropyridine,BOH2Ar_compound_2_as_BOH2_35-dimethylisoxazole-4-boronic_acid,BPinAr_compound_2_as_BPin_35-dimethylisoxazole-4-boronate,Catacxium_A,case2,-18.12429370637983,-13.63805352943018,-10.178717732895166,-6.453801978379488,-1.803380586206913,-17.162268350832164,16.320913120172918,1bar
30,3_chloropyridine,BOH2Ar_compound_6_benzofuran-2-boronic_acid,BPinAr_compound_6_benzofuran-2-boronate,Catacxium_A,case3,-18.12429370637983,-16.082467982545495,-14.179895618930459,-11.400829612277448,-1.3893186999484897,-18.45950329862535,16.73497500643134,1bar
30,2_chloropyridine,BOH2Ar_compound_9_as_BOH2_1-Boc-pyrrole-2-boronic_acid,BPinAr_compound_9_as_BPin_1-Boc-pyrrole-2-boronate,Catacxium_A,case4,-13.032018952071667,-26.713104309514165,-13.693423469085246,-9.943091080989689,-2.97670007776469,-33.762533728033304,23.736404231749475,1bar
30,3_chloropyridine,BOH2Ar_compound_2_as_BOH2_35-dimethylisoxazole-4-boronic_acid,BPinAr_compound_2_as_BPin_35-dimethylisoxazole-4-boronate,RuPhos,case2,-12.058390357997268,-19.34837496606633,-11.831448515877128,-13.631788262166083,0.7358645889908075,-21.953598062507808,20.084239555057138,1bar
30,3_chloropyridine,BOH2Ar_compound_6_benzofuran-2-boronic_acid,BPinAr_compound_6_benzofuran-2-boronate,RuPhos,case3,-12.058390357997268,-19.966711873188615,-15.167320455424488,-12.445502466056496,0.39609908265993,-30.113865382038057,20.362810955848545,1bar
30,2_chloropyridine,BOH2Ar_compound_9_as_BOH2_1-Boc-pyrrole-2-boronic_acid,BPinAr_compound_9_as_BPin_1-Boc-pyrrole-2-boronate,RuPhos,case4,0.47905454924330115,-25.62773373676464,-11.461438777390867,-10.631101007107645,4.386392981279641,-25.3515012729913,30.01412671804428,1bar
30,3_bromoquinoline,BOH2Ar_compound_2_as_BOH2_35-dimethylisoxazole-4-boronic_acid,BPinAr_compound_2_as_BPin_35-dimethylisoxazole-4-boronate,SPhos,case1,-14.727102649398148,,-14.020042999647558,-9.308116483036429,-0.9832371398806572,-25.08173550479114,13.74386550951749,1bar
30,3_chloropyridine,BOH2Ar_compound_2_as_BOH2_35-dimethylisoxazole-4-boronic_acid,BPinAr_compound_2_as_BPin_35-dimethylisoxazole-4-boronate,SPhos,case2,7.038156313356012,0.47348395036533475,-2.983613102696836,13.957889283075929,13.665041524916887,-10.886562505736947,16.648654627613723,1bar
30,3_chloropyridine,BOH2Ar_compound_6_benzofuran-2-boronic_acid,BPinAr_compound_6_benzofuran-2-boronate,SPhos,case3,7.038156313356012,-5.920751749537885,-0.5735413474030793,-1.2354835644364357,7.877827991731465,-14.842610555700958,13.79857974126935,1bar
30,2_chloropyridine,BOH2Ar_compound_9_as_BOH2_1-Boc-pyrrole-2-boronic_acid,BPinAr_compound_9_as_BPin_1-Boc-pyrrole-2-boronate,SPhos,case4,0.3053163103759289,-29.622060633264482,-12.768418601714075,-7.012783971615136,0.2984420727007091,-31.545242266729474,29.92050270596519,1bar
30,3_bromoquinoline,BOH2Ar_compound_2_as_BOH2_35-dimethylisoxazole-4-boronic_acid,BPinAr_compound_2_as_BPin_35-dimethylisoxazole-4-boronate,tBu3,case1,-4.00165526708588,-5.180382097605616,-7.182262819958851,-3.008052819641307,5.685143245384097,-17.05170456133783,12.867406065342948,1bar
30,3_chloropyridine,BOH2Ar_compound_2_as_BOH2_35-dimethylisoxazole-4-boronic_acid,BPinAr_compound_2_as_BPin_35-dimethylisoxazole-4-boronate,tBu3,case2,-10.855415967758745,-6.2193333907052875,-9.264604622265324,-4.244001719867811,0.8211171489674598,-17.42377329734154,11.676533116726205,1bar
30,3_chloropyridine,BOH2Ar_compound_6_benzofuran-2-boronic_acid,BPinAr_compound_6_benzofuran-2-boronate,tBu3,case3,-10.855415967758745,-10.22008978528902,-9.825179675593972,-4.776365729514509,3.4473638823255897,-20.08820926072076,14.302779850084335,1bar
30,2_chloropyridine,BOH2Ar_compound_9_as_BOH2_1-Boc-pyrrole-2-boronic_acid,BPinAr_compound_9_as_BPin_1-Boc-pyrrole-2-boronate,tBu3,case4,0.8276254176162183,-12.062682376010343,-5.599452750757337,-6.070322988554835,-3.8046325370669365,-31.312761549372226,8.258049838943407,1bar
30,3_bromoquinoline,BOH2Ar_compound_2_as_BOH2_35-dimethylisoxazole-4-boronic_acid,BPinAr_compound_2_as_BPin_35-dimethylisoxazole-4-boronate,XPhos,case1,-13.89798857551068,-20.70075203385204,-14.041749127209187,-1.3418066082522273,5.654061296023428,-14.710208010859787,26.35481332987547,1bar
30,3_chloropyridine,BOH2Ar_compound_2_as_BOH2_35-dimethylisoxazole-4-boronic_acid,BPinAr_compound_2_as_BPin_35-dimethylisoxazole-4-boronate,XPhos,case2,-26.899496155790985,-22.577958684414625,-11.31681738095358,-8.540390313602984,-2.2019965294748545,-12.174628131091595,24.69749962631613,1bar
30,3_chloropyridine,BOH2Ar_compound_6_benzofuran-2-boronic_acid,BPinAr_compound_6_benzofuran-2-boronate,XPhos,case3,-26.899496155790985,-28.123961749486625,-16.6377817154862,-11.724288792349398,-3.0041741812601686,-15.166484178043902,25.119787568226457,1bar
30,2_chloropyridine,BOH2Ar_compound_9_as_BOH2_1-Boc-pyrrole-2-boronic_acid,BPinAr_compound_9_as_BPin_1-Boc-pyrrole-2-boronate,XPhos,case4,-36.561572899110615,-40.1895912559703,-27.632683866191655,-27.31700854608789,-17.109592547174543,-42.43890736438334,23.079998708795756,1bar
50,3_bromoquinoline,BOH2Ar_compound_2_as_BOH2_35-dimethylisoxazole-4-boronic_acid,BPinAr_compound_2_as_BPin_35-dimethylisoxazole-4-boronate,PCy3,case1,-35.45399212650955,-27.890490441117436,-12.919301925692707,-9.762309077661484,-1.601667054463178,-17.723318418953568,33.85232507204637,1bar
50,3_chloropyridine,BOH2Ar_compound_2_as_BOH2_35-dimethylisoxazole-4-boronic_acid,BPinAr_compound_2_as_BPin_35-dimethylisoxazole-4-boronate,PCy3,case2,-20.39179222472012,-20.300646564923227,-10.88133457256481,-10.422021712176502,1.1844650488346815,-17.377996512223035,21.576257273554802,1bar
50,3_chloropyridine,BOH2Ar_compound_6_benzofuran-2-boronic_acid,BPinAr_compound_6_benzofuran-2-boronate,PCy3,case3,-20.39179222472012,-29.245663658715785,-14.265896196011454,-12.21200103405863,-0.2080849832855165,-20.301682649180293,29.037578675430268,1bar
50,2_chloropyridine,BOH2Ar_compound_9_as_BOH2_1-Boc-pyrrole-2-boronic_acid,BPinAr_compound_9_as_BPin_1-Boc-pyrrole-2-boronate,PCy3,case4,-35.609469880815595,-32.54943666839972,-18.02386438474059,-3.814073127694428,-2.2239759573712945,-30.26077283732593,33.3854939234443,1bar
50,3_bromoquinoline,BOH2Ar_compound_2_as_BOH2_35-dimethylisoxazole-4-boronic_acid,BPinAr_compound_2_as_BPin_35-dimethylisoxazole-4-boronate,PPh3,case1,-18.268215558491647,-28.641290080733597,-11.275368627626449,-10.33515295619145,-3.4616450355388224,-15.485358733218163,25.179645045194775,1bar
50,3_chloropyridine,BOH2Ar_compound_2_as_BOH2_35-dimethylisoxazole-4-boronic_acid,BPinAr_compound_2_as_BPin_35-dimethylisoxazole-4-boronate,PPh3,case2,-14.448258102405816,-25.56534614553675,-12.046851431485265,-10.106314334552735,-2.7724601603113115,-15.764416006859392,22.79288598522544,1bar
50,3_chloropyridine,BOH2Ar_compound_6_benzofuran-2-boronic_acid,BPinAr_compound_6_benzofuran-2-boronate,PPh3,case3,-14.448258102405816,-27.793106163386256,-13.35581828886643,-11.139011290855706,-2.0803331807255745,-16.88305387366563,25.71277298266068,1bar
50,2_chloropyridine,BOH2Ar_compound_9_as_BOH2_1-Boc-pyrrole-2-boronic_acid,BPinAr_compound_9_as_BPin_1-Boc-pyrrole-2-boronate,PPh3,case4,-17.502319781575352,-36.80336869508028,-15.377531512640417,-11.827014110051095,-6.738679163623601,-27.5523497806862,30.06468953145668,1bar
50,3_chloropyridine,BOH2Ar_compound_2_as_BOH2_35-dimethylisoxazole-4-boronic_acid,BPinAr_compound_2_as_BPin_35-dimethylisoxazole-4-boronate,AmPhos,case2,-18.029179187025875,-15.731276049278677,-7.79861964751035,-6.458739559631795,1.4518690113909543,-17.190626796800643,19.48104819841683,1bar
50,3_chloropyridine,BOH2Ar_compound_6_benzofuran-2-boronic_acid,BPinAr_compound_6_benzofuran-2-boronate,AmPhos,case3,-18.029179187025875,-20.003942559938878,-11.19082821905613,-6.915110319852829,1.6313944747671485,-16.96683937916532,21.635337034706026,1bar
50,2_chloropyridine,BOH2Ar_compound_9_as_BOH2_1-Boc-pyrrole-2-boronic_acid,BPinAr_compound_9_as_BPin_1-Boc-pyrrole-2-boronate,AmPhos,case4,-19.788146160077304,-18.696695655584335,-12.465948446188122,-12.143703004810959,-6.5909019452519715,-33.77195185329765,13.197244214825332,1bar
50,3_bromoquinoline,BOH2Ar_compound_2_as_BOH2_35-dimethylisoxazole-4-boronic_acid,BPinAr_compound_2_as_BPin_35-dimethylisoxazole-4-boronate,Catacxium_A,case1,-15.061134120915085,-16.40902242437005,-8.714395926333964,-8.032395772635937,-0.4039678107947111,-15.667385603301227,16.00505461357534,1bar
50,3_chloropyridine,BOH2Ar_compound_2_as_BOH2_35-dimethylisoxazole-4-boronic_acid,BPinAr_compound_2_as_BPin_35-dimethylisoxazole-4-boronate,Catacxium_A,case2,-16.74325313558802,-11.062251219525933,-8.974227242637426,-5.290948538575321,-0.653016206342727,-16.98208441119641,16.090236929245293,1bar
50,3_chloropyridine,BOH2Ar_compound_6_benzofuran-2-boronic_acid,BPinAr_compound_6_benzofuran-2-boronate,Catacxium_A,case3,-16.74325313558802,-13.544810481835157,-13.047082229051739,-10.291059732437134,-0.31805549934506416,-18.299652638379484,16.425197636242956,1bar
50,2_chloropyridine,BOH2Ar_compound_9_as_BOH2_1-Boc-pyrrole-2-boronic_acid,BPinAr_compound_9_as_BPin_1-Boc-pyrrole-2-boronate,Catacxium_A,case4,-11.595000261440873,-24.058480639010668,-12.459531068336219,-8.769768480677158,-1.7561416472308338,-33.47055859770626,22.302338991779834,1bar
50,3_chloropyridine,BOH2Ar_compound_2_as_BOH2_35-dimethylisoxazole-4-boronic_acid,BPinAr_compound_2_as_BPin_35-dimethylisoxazole-4-boronate,RuPhos,case2,-10.62337680766359,-16.64099658606574,-10.619734436273575,-12.505884002428502,1.8567929188720882,-21.66626906208694,18.497789504937828,1bar
50,3_chloropyridine,BOH2Ar_compound_6_benzofuran-2-boronic_acid,BPinAr_compound_6_benzofuran-2-boronate,RuPhos,case3,-10.62337680766359,-17.449456493370235,-14.023041265551,-11.286278396379203,1.5166615429334342,-29.94760177191347,18.96611803630367,1bar
50,2_chloropyridine,BOH2Ar_compound_9_as_BOH2_1-Boc-pyrrole-2-boronic_acid,BPinAr_compound_9_as_BPin_1-Boc-pyrrole-2-boronate,RuPhos,case4,1.8588360794819891,-23.104528876021504,-10.305206686723977,-9.429646667093039,5.558904041536152,-25.138716862536967,28.663432917557657,1bar
50,3_bromoquinoline,BOH2Ar_compound_2_as_BOH2_35-dimethylisoxazole-4-boronic_acid,BPinAr_compound_2_as_BPin_35-dimethylisoxazole-4-boronate,SPhos,case1,-13.204411829356104,,-12.801598830148578,-8.085577853489667,0.26380437007173896,-24.772744204849005,13.468216199427843,1bar
50,3_chloropyridine,BOH2Ar_compound_2_as_BOH2_35-dimethylisoxazole-4-boronic_acid,BPinAr_compound_2_as_BPin_35-dimethylisoxazole-4-boronate,SPhos,case2,8.472574173938483,3.0139604904688895,-1.7506056423299015,15.182387443259358,14.876110734883696,-10.594604345969856,16.626716377213597,1bar
50,3_chloropyridine,BOH2Ar_compound_6_benzofuran-2-boronic_acid,BPinAr_compound_6_benzofuran-2-boronate,SPhos,case3,8.472574173938483,-3.4014862584881485,0.5259875929914415,-0.11257365485653281,8.995344241615385,-14.668633425608277,12.396830500103533,1bar
50,2_chloropyridine,BOH2Ar_compound_9_as_BOH2_1-Boc-pyrrole-2-boronic_acid,BPinAr_compound_9_as_BPin_1-Boc-pyrrole-2-boronate,SPhos,case4,1.8288712007924914,-26.914531072601676,-11.548888491466641,-5.737392851151526,1.5698142829351127,-31.228071546182036,28.48434535553679,1bar
50,3_bromoquinoline,BOH2Ar_compound_2_as_BOH2_35-dimethylisoxazole-4-boronic_acid,BPinAr_compound_2_as_BPin_35-dimethylisoxazole-4-boronate,tBu3,case1,-2.561003987211734,-2.7205706976819783,-5.96765101980418,-1.7744571999646723,6.881079635582864,-16.881911281030625,12.848730655387044,1bar
50,3_chloropyridine,BOH2Ar_compound_2_as_BOH2_35-dimethylisoxazole-4-boronic_acid,BPinAr_compound_2_as_BPin_35-dimethylisoxazole-4-boronate,tBu3,case2,-9.53157676779665,-3.6002040705643594,-8.063958041835576,-3.069790539331734,1.961123789427802,-17.245457116980106,11.492700557224452,1bar
50,3_chloropyridine,BOH2Ar_compound_6_benzofuran-2-boronic_acid,BPinAr_compound_6_benzofuran-2-boronate,tBu3,case3,-9.53157676779665,-7.730231375200674,-8.685907195322216,-3.601227259496227,4.546567032579333,-19.943803970701993,14.078143800375983,1bar
50,2_chloropyridine,BOH2Ar_compound_9_as_BOH2_1-Boc-pyrrole-2-boronic_acid,BPinAr_compound_9_as_BPin_1-Boc-pyrrole-2-boronate,tBu3,case4,2.175246307393536,-9.565948345931247,-4.4569771508686244,-4.9134511686861515,-2.62371671712026,-31.090404709801078,6.942231628810987,1bar
50,3_bromoquinoline,BOH2Ar_compound_2_as_BOH2_35-dimethylisoxazole-4-boronic_acid,BPinAr_compound_2_as_BPin_35-dimethylisoxazole-4-boronate,XPhos,case1,-12.345623465720564,-17.956180354114622,-12.738129027187824,-0.11312719900161028,6.90133404545486,-14.47243527136743,24.85751439956948,1bar
50,3_chloropyridine,BOH2Ar_compound_2_as_BOH2_35-dimethylisoxazole-4-boronic_acid,BPinAr_compound_2_as_BPin_35-dimethylisoxazole-4-boronate,XPhos,case2,-25.405960275325924,-19.875760714057833,-10.067710490431637,-7.275851033162326,-1.0030864593572915,-11.860040611121804,24.402873815968633,1bar
50,3_chloropyridine,BOH2Ar_compound_6_benzofuran-2-boronic_acid,BPinAr_compound_6_benzofuran-2-boronate,XPhos,case3,-25.405960275325924,-25.450017288327217,-15.423609554767609,-10.557054451666772,-1.8845005510374904,-14.95119832828641,23.565516737289727,1bar
50,2_chloropyridine,BOH2Ar_compound_9_as_BOH2_1-Boc-pyrrole-2-boronic_acid,BPinAr_compound_9_as_BPin_1-Boc-pyrrole-2-boronate,XPhos,case4,-35.2543454291299,-37.550215255934745,-26.48666800605133,-26.15040129609406,-15.914633677341044,-42.20023997453973,21.6355815785937,1bar
70,3_bromoquinoline,BOH2Ar_compound_2_as_BOH2_35-dimethylisoxazole-4-boronic_acid,BPinAr_compound_2_as_BPin_35-dimethylisoxazole-4-boronate,PCy3,case1,-34.1092195766978,-25.21274911146611,-11.702655786182731,-8.531458347570151,-0.44439319521188736,-17.5203201090917,33.66482638148591,1bar
70,3_chloropyridine,BOH2Ar_compound_2_as_BOH2_35-dimethylisoxazole-4-boronic_acid,BPinAr_compound_2_as_BPin_35-dimethylisoxazole-4-boronate,PCy3,case2,-19.063301674555987,-17.749368854798377,-9.676924022845924,-9.27756604226306,2.3452590289525688,-17.20919098239392,21.408560703508556,1bar
70,3_chloropyridine,BOH2Ar_compound_6_benzofuran-2-boronic_acid,BPinAr_compound_6_benzofuran-2-boronate,PCy3,case3,-19.06330167502165,-26.80964677873999,-13.153777636121958,-11.110780754126608,0.7929739663377404,-20.214919589459896,27.60262074507773,1bar
70,2_chloropyridine,BOH2Ar_compound_9_as_BOH2_1-Boc-pyrrole-2-boronic_acid,BPinAr_compound_9_as_BPin_1-Boc-pyrrole-2-boronate,PCy3,case4,-34.21425275085494,-29.809934558346868,-16.754827964585274,-2.5626045274548233,-1.042245467659086,-29.963980827014893,33.17200728319585,1bar
70,3_bromoquinoline,BOH2Ar_compound_2_as_BOH2_35-dimethylisoxazole-4-boronic_acid,BPinAr_compound_2_as_BPin_35-dimethylisoxazole-4-boronate,PPh3,case1,-16.907000018283725,-26.09499768074602,-10.06721805781126,-9.200859296135604,-2.299354095943272,-15.315623773261905,23.795643584802747,1bar
70,3_chloropyridine,BOH2Ar_compound_2_as_BOH2_35-dimethylisoxazole-4-boronic_acid,BPinAr_compound_2_as_BPin_35-dimethylisoxazole-4-boronate,PPh3,case2,-13.042157342191786,-22.973284535575658,-10.834410460665822,-8.935386124067008,-1.606817350257188,-15.580967306625098,21.36646718531847,1bar
70,3_chloropyridine,BOH2Ar_compound_6_benzofuran-2-boronic_acid,BPinAr_compound_6_benzofuran-2-boronate,PPh3,case3,-13.042157342657447,-25.261873133014888,-12.221910058986396,-9.98378723114729,-1.003881951328367,-16.70824240334332,24.25799118168652,1bar
70,2_chloropyridine,BOH2Ar_compound_9_as_BOH2_1-Boc-pyrrole-2-boronic_acid,BPinAr_compound_9_as_BPin_1-Boc-pyrrole-2-boronate,PPh3,case4,-16.09110204130411,-34.20194651465863,-14.14162079244852,-10.637680940330029,-5.529393443372101,-27.248491670936346,28.67255307128653,1bar
70,3_chloropyridine,BOH2Ar_compound_2_as_BOH2_35-dimethylisoxazole-4-boronic_acid,BPinAr_compound_2_as_BPin_35-dimethylisoxazole-4-boronate,AmPhos,case2,-16.53590660635382,-13.058347959071398,-6.556169477291405,-5.250540599226952,2.657286091707647,-16.914121156558394,19.193192698061466,1bar
70,3_chloropyridine,BOH2Ar_compound_6_benzofuran-2-boronic_acid,BPinAr_compound_6_benzofuran-2-boronate,AmPhos,case3,-16.53590660681948,-17.37482775002718,-9.998162528965622,-5.821923749987036,2.7576082050800323,-16.769743379205465,20.132435955107212,1bar
70,2_chloropyridine,BOH2Ar_compound_9_as_BOH2_1-Boc-pyrrole-2-boronic_acid,BPinAr_compound_9_as_BPin_1-Boc-pyrrole-2-boronate,AmPhos,case4,-18.332082930020988,-16.01763185625896,-11.289964536670595,-10.894729415420443,-5.4124871655367315,-33.484306923579425,12.919595764484257,1bar
70,3_bromoquinoline,BOH2Ar_compound_2_as_BOH2_35-dimethylisoxazole-4-boronic_acid,BPinAr_compound_2_as_BPin_35-dimethylisoxazole-4-boronate,Catacxium_A,case1,-13.682022830471396,-13.825326164253056,-7.498670626431704,-6.861542102880776,0.7764695696532726,-15.45574554335326,14.601795733906329,1bar
70,3_chloropyridine,BOH2Ar_compound_2_as_BOH2_35-dimethylisoxazole-4-boronic_acid,BPinAr_compound_2_as_BPin_35-dimethylisoxazole-4-boronate,Catacxium_A,case2,-15.364463126286864,-8.488026859238744,-7.771178372204304,-4.132004278246313,0.49494665395468473,-16.801059591118246,15.859409780241549,1bar
70,3_chloropyridine,BOH2Ar_compound_6_benzofuran-2-boronic_acid,BPinAr_compound_6_benzofuran-2-boronate,Catacxium_A,case3,-15.364463126286864,-11.005712752230465,-11.915131969377398,-9.183973962441087,0.7523923804983497,-18.13726766826585,16.116855506785214,1bar
70,2_chloropyridine,BOH2Ar_compound_9_as_BOH2_1-Boc-pyrrole-2-boronic_acid,BPinAr_compound_9_as_BPin_1-Boc-pyrrole-2-boronate,Catacxium_A,case4,-10.157837752252817,-21.40359450969845,-11.224429529160261,-7.5995804611593485,-0.5362147279083729,-33.17613044846803,20.867379781790078,1bar
70,3_chloropyridine,BOH2Ar_compound_2_as_BOH2_35-dimethylisoxazole-4-boronic_acid,BPinAr_compound_2_as_BPin_35-dimethylisoxazole-4-boronate,RuPhos,case2,-9.186616217717528,-13.930984646081924,-9.408050086349249,-11.381278272718191,2.9779461985453963,-21.375500692985952,16.90893084462732,1bar
70,3_chloropyridine,BOH2Ar_compound_6_benzofuran-2-boronic_acid,BPinAr_compound_6_benzofuran-2-boronate,RuPhos,case3,-9.186616217717528,-14.929244133178145,-12.877649405505508,-10.126861585769802,2.6392599530518055,-29.77683641249314,17.56850408622995,1bar
70,2_chloropyridine,BOH2Ar_compound_9_as_BOH2_1-Boc-pyrrole-2-boronic_acid,BPinAr_compound_9_as_BPin_1-Boc-pyrrole-2-boronate,RuPhos,case4,3.2395053394138813,-20.579670026432723,-9.149785907007754,-8.23022988718003,6.732559091411531,-24.9243866330944,27.312229117844254,1bar
70,3_bromoquinoline,BOH2Ar_compound_2_as_BOH2_35-dimethylisoxazole-4-boronic_acid,BPinAr_compound_2_as_BPin_35-dimethylisoxazole-4-boronate,SPhos,case1,-11.678637859411538,,-11.584475189913064,-6.863977033644915,1.5098683298565447,-24.462096105329692,13.188506189268082,1bar
70,3_chloropyridine,BOH2Ar_compound_2_as_BOH2_35-dimethylisoxazole-4-boronic_acid,BPinAr_compound_2_as_BPin_35-dimethylisoxazole-4-boronate,SPhos,case2,9.905658493749797,5.554672610480338,-0.5190258924849331,16.40516566345468,16.086276744492352,-10.301431336440146,16.605302636977285,1bar
70,3_chloropyridine,BOH2Ar_compound_6_benzofuran-2-boronic_acid,BPinAr_compound_6_benzofuran-2-boronate,SPhos,case3,9.905658493749797,-0.8795151384547353,1.6250529228709638,1.00876286579296,10.112314471509308,-14.4918027757667,10.991829609964043,1bar
70,2_chloropyridine,BOH2Ar_compound_9_as_BOH2_1-Boc-pyrrole-2-boronic_acid,BPinAr_compound_9_as_BPin_1-Boc-pyrrole-2-boronate,SPhos,case4,3.354410440661013,-24.206228722818196,-10.32576500158757,-4.462013941723853,2.84287204220891,-30.90696689626202,27.049100765027106,1bar
70,3_bromoquinoline,BOH2Ar_compound_2_as_BOH2_35-dimethylisoxazole-4-boronic_acid,BPinAr_compound_2_as_BPin_35-dimethylisoxazole-4-boronate,tBu3,case1,-1.1197156372945756,-0.2619281073566526,-4.753589439904317,-0.5438206698745489,8.076720845652744,-16.710876821307465,12.830310285557061,1bar
70,3_chloropyridine,BOH2Ar_compound_2_as_BOH2_35-dimethylisoxazole-4-boronic_acid,BPinAr_compound_2_as_BPin_35-dimethylisoxazole-4-boronate,tBu3,case2,-8.208804787602276,-0.9798121906351298,-6.865537971956655,-1.8989055794663727,3.0992861392442137,-17.066196036990732,11.30809092684649,1bar
70,3_chloropyridine,BOH2Ar_compound_6_benzofuran-2-boronic_acid,BPinAr_compound_6_benzofuran-2-boronate,tBu3,case3,-8.208804787602276,-5.237832555081695,-7.546582545386627,-2.4279407288413495,5.646120942663401,-19.796132850460708,13.854925730265677,1bar
70,2_chloropyridine,BOH2Ar_compound_9_as_BOH2_1-Boc-pyrrole-2-boronic_acid,BPinAr_compound_9_as_BPin_1-Boc-pyrrole-2-boronate,tBu3,case4,3.5230384373571724,-7.068256606347859,-3.315515981055796,-3.759035828523338,-1.443920607212931,-30.866123049519956,5.624335999134928,1bar
70,3_bromoquinoline,BOH2Ar_compound_2_as_BOH2_35-dimethylisoxazole-4-boronic_acid,BPinAr_compound_2_as_BPin_35-dimethylisoxazole-4-boronate,XPhos,case1,-10.795241826213896,-15.21065002400428,-11.437832586467266,1.1122351414524019,8.147083985619247,-14.232509361114353,23.357734009623528,1bar
70,3_chloropyridine,BOH2Ar_compound_2_as_BOH2_35-dimethylisoxazole-4-boronic_acid,BPinAr_compound_2_as_BPin_35-dimethylisoxazole-4-boronate,XPhos,case2,-23.914618874900043,-17.177630913443863,-8.82045355066657,-6.013398532755673,0.19293345091864467,-11.545509120449424,24.107552325818688,1bar
70,3_chloropyridine,BOH2Ar_compound_6_benzofuran-2-boronic_acid,BPinAr_compound_6_benzofuran-2-boronate,XPhos,case3,-23.914618874900043,-22.773869758471847,-14.210874125361443,-9.391680571716279,-0.7648610407486558,-14.733365417923778,23.149757834151387,1bar
70,2_chloropyridine,BOH2Ar_compound_9_as_BOH2_1-Boc-pyrrole-2-boronic_acid,BPinAr_compound_9_as_BPin_1-Boc-pyrrole-2-boronate,XPhos,case4,-33.94579321984202,-34.90983712626621,-25.34026377648115,-24.9867998464033,-14.721617377363145,-41.96005902485922,20.188219748903066,1bar
90,3_bromoquinoline,BOH2Ar_compound_2_as_BOH2_35-dimethylisoxazole-4-boronic_acid,BPinAr_compound_2_as_BPin_35-dimethylisoxazole-4-boronate,PCy3,case1,-32.76283582672477,-22.53558992082253,-10.486444105859846,-7.303179247304797,0.7121588652953506,-17.315331168938428,33.47499469202012,1bar
90,3_chloropyridine,BOH2Ar_compound_2_as_BOH2_35-dimethylisoxazole-4-boronic_acid,BPinAr_compound_2_as_BPin_35-dimethylisoxazole-4-boronate,PCy3,case2,-17.734924834687263,-15.197887004353106,-8.474106842651963,-8.134371271822602,3.505625549238175,-17.038273772224784,21.240550383925438,1bar
90,3_chloropyridine,BOH2Ar_compound_6_benzofuran-2-boronic_acid,BPinAr_compound_6_benzofuran-2-boronate,PCy3,case3,-17.734924835152924,-24.37213717866689,-12.041147695854306,-10.010490234475583,1.794919056352228,-20.12477733939886,26.167056235019118,1bar
90,2_chloropyridine,BOH2Ar_compound_9_as_BOH2_1-Boc-pyrrole-2-boronic_acid,BPinAr_compound_9_as_BPin_1-Boc-pyrrole-2-boronate,PCy3,case4,-32.816069091204554,-27.06731461826712,-15.483879884704947,-1.3127287374809384,0.13958173245191574,-29.664442257024348,32.95565082365647,1bar
90,3_bromoquinoline,BOH2Ar_compound_2_as_BOH2_35-dimethylisoxazole-4-boronic_acid,BPinAr_compound_2_as_BPin_35-dimethylisoxazole-4-boronate,PPh3,case1,-15.547874838579446,-23.55044877063483,-8.861449927091599,-8.068030036054552,-1.1376227652654052,-15.145407313015312,22.412826005369425,1bar
90,3_chloropyridine,BOH2Ar_compound_2_as_BOH2_35-dimethylisoxazole-4-boronic_acid,BPinAr_compound_2_as_BPin_35-dimethylisoxazole-4-boronate,PPh3,case2,-11.639469022396952,-20.38275376521051,-9.62380707077682,-7.765943423844874,-0.4421021300368011,-15.395616576541215,19.940651635173708,1bar
90,3_chloropyridine,BOH2Ar_compound_6_benzofuran-2-boronic_acid,BPinAr_compound_6_benzofuran-2-boronate,PPh3,case3,-11.639469022396952,-22.729925913736224,-11.087260579224676,-8.829576901625842,0.07228131871670485,-16.529820014256984,22.80220723245293,1bar
90,2_chloropyridine,BOH2Ar_compound_9_as_BOH2_1-Boc-pyrrole-2-boronic_acid,BPinAr_compound_9_as_BPin_1-Boc-pyrrole-2-boronate,PPh3,case4,-14.681521281599998,-31.5995817752555,-12.904013752937317,-9.450873420573771,-4.320482733659446,-26.943551630713046,27.279099041596055,1bar
90,3_chloropyridine,BOH2Ar_compound_2_as_BOH2_35-dimethylisoxazole-4-boronic_acid,BPinAr_compound_2_as_BPin_35-dimethylisoxazole-4-boronate,AmPhos,case2,-15.04458673670888,-10.388835319317877,-5.316878127399832,-4.045451109763235,3.8600427112542093,-16.637870667036623,18.90462944796309,1bar
90,3_chloropyridine,BOH2Ar_compound_6_benzofuran-2-boronic_acid,BPinAr_compound_6_benzofuran-2-boronate,AmPhos,case3,-15.04458673670888,-14.747268110048026,-8.808174648787826,-4.732631380204111,3.8829269749112427,-16.570398388896137,18.927513711620122,1bar
90,2_chloropyridine,BOH2Ar_compound_9_as_BOH2_1-Boc-pyrrole-2-boronic_acid,BPinAr_compound_9_as_BPin_1-Boc-pyrrole-2-boronate,AmPhos,case4,-16.878056609537452,-13.336811075918376,-10.116562406532466,-9.649616975337267,-4.2367009948939085,-33.19543120358139,12.641355614643544,1bar
90,3_bromoquinoline,BOH2Ar_compound_2_as_BOH2_35-dimethylisoxazole-4-boronic_acid,BPinAr_compound_2_as_BPin_35-dimethylisoxazole-4-boronate,Catacxium_A,case1,-12.30182288074866,-11.242280634120107,-6.283314685802907,-5.692769562359899,1.95593540975824,-15.242696193046868,14.2577582905069,1bar
90,3_chloropyridine,BOH2Ar_compound_2_as_BOH2_35-dimethylisoxazole-4-boronic_acid,BPinAr_compound_2_as_BPin_35-dimethylisoxazole-4-boronate,Catacxium_A,case2,-13.98814761498943,-5.9159072590991855,-6.569867102894932,-2.9770201183855534,1.640417433809489,-16.61929206131026,15.628565048798919,1bar
90,3_chloropyridine,BOH2Ar_compound_6_benzofuran-2-boronic_acid,BPinAr_compound_6_benzofuran-2-boronate,Catacxium_A,case3,-13.98814761498943,-8.465834902133793,-10.784270419273525,-8.079655342269689,1.8219620804302394,-17.972471218556166,15.81010969541967,1bar
90,2_chloropyridine,BOH2Ar_compound_9_as_BOH2_1-Boc-pyrrole-2-boronic_acid,BPinAr_compound_9_as_BPin_1-Boc-pyrrole-2-boronate,Catacxium_A,case4,-8.720876081380993,-18.749125590082258,-9.98855118919164,-6.432633471675217,0.6828812323510647,-32.879462408367544,19.432006822433323,1bar
90,3_chloropyridine,BOH2Ar_compound_2_as_BOH2_35-dimethylisoxazole-4-boronic_acid,BPinAr_compound_2_as_BPin_35-dimethylisoxazole-4-boronate,RuPhos,case2,-7.74841272784397,-11.219087475910783,-8.196705525740981,-10.258149312343448,4.099188699387014,-21.081543812528253,15.318276175297797,1bar
90,3_chloropyridine,BOH2Ar_compound_6_benzofuran-2-boronic_acid,BPinAr_compound_6_benzofuran-2-boronate,RuPhos,case3,-7.74841272784397,-12.406621023081243,-11.731458335649222,-8.967469306197017,3.7636889331042767,-29.60177426226437,16.17030995618552,1bar
90,2_chloropyridine,BOH2Ar_compound_9_as_BOH2_1-Boc-pyrrole-2-boronic_acid,BPinAr_compound_9_as_BPin_1-Boc-pyrrole-2-boronate,RuPhos,case4,4.62076485902071,-18.053830217570066,-7.995442577172071,-7.0330625073984265,7.907116601243615,-24.708608613349497,25.96094681881368,1bar
90,3_bromoquinoline,BOH2Ar_compound_2_as_BOH2_35-dimethylisoxazole-4-boronic_acid,BPinAr_compound_2_as_BPin_35-dimethylisoxazole-4-boronate,SPhos,case1,-10.150312759447843,,-10.36885239975527,-5.643589883111417,2.7548020002432168,-24.149969754740596,13.123654399998486,1bar
90,3_chloropyridine,BOH2Ar_compound_2_as_BOH2_35-dimethylisoxazole-4-boronic_acid,BPinAr_compound_2_as_BPin_35-dimethylisoxazole-4-boronate,SPhos,case2,11.337119343224913,8.094983000308275,0.7108355178497732,17.625961943063885,17.295338904950768,-10.007197466213256,16.584503387100995,1bar
90,3_chloropyridine,BOH2Ar_compound_6_benzofuran-2-boronic_acid,BPinAr_compound_6_benzofuran-2-boronate,SPhos,case3,11.337119343224913,1.6444333014078438,2.7235099826939404,2.1283712252043188,11.228642261587083,-14.312278735917062,9.58420896017924,1bar
90,2_chloropyridine,BOH2Ar_compound_9_as_BOH2_1-Boc-pyrrole-2-boronic_acid,BPinAr_compound_9_as_BPin_1-Boc-pyrrole-2-boronate,SPhos,case4,4.88137480057776,-21.497970752883703,-9.099673731718212,-3.1870565116405487,4.117240772116929,-30.58228396670893,25.615211525000632,1bar
90,3_bromoquinoline,BOH2Ar_compound_2_as_BOH2_35-dimethylisoxazole-4-boronic_acid,BPinAr_compound_2_as_BPin_35-dimethylisoxazole-4-boronate,tBu3,case1,0.3217804627493024,2.1950753128621727,-3.5403845896944404,0.6837180703878403,9.271848625969142,-16.538709660992026,12.812233215663582,1bar
90,3_chloropyridine,BOH2Ar_compound_2_as_BOH2_35-dimethylisoxazole-4-boronic_acid,BPinAr_compound_2_as_BPin_35-dimethylisoxazole-4-boronate,tBu3,case2,-6.887308767531067,1.6410409200470895,-5.6695604817941785,-0.7314414093270898,4.235523029230535,-16.886109416838735,11.122831796761602,1bar
90,3_chloropyridine,BOH2Ar_compound_6_benzofuran-2-boronic_acid,BPinAr_compound_6_benzofuran-2-boronate,tBu3,case3,-6.887308767996728,-2.743620405206457,-6.407458765432239,-1.2566569792106748,6.7459008526057005,-19.645374630577862,13.633209620602429,1bar
90,2_chloropyridine,BOH2Ar_compound_9_as_BOH2_1-Boc-pyrrole-2-boronic_acid,BPinAr_compound_9_as_BPin_1-Boc-pyrrole-2-boronate,tBu3,case4,4.870636227307841,-4.570240436121821,-2.175287771038711,-2.607211478287354,-0.2653635470196605,-30.640055309748277,4.304876889102161,1bar
90,3_bromoquinoline,BOH2Ar_compound_2_as_BOH2_35-dimethylisoxazole-4-boronic_acid,BPinAr_compound_2_as_BPin_35-dimethylisoxazole-4-boronate,XPhos,case1,-9.247132695745677,-12.464985974133015,-10.141095477156341,2.334138071164489,9.391148445662111,-13.990605311468244,21.856134419795126,1bar
90,3_chloropyridine,BOH2Ar_compound_2_as_BOH2_35-dimethylisoxazole-4-boronic_acid,BPinAr_compound_2_as_BPin_35-dimethylisoxazole-4-boronate,XPhos,case2,-22.42570132529363,-14.483976634219289,-7.575334150809795,-4.753276563249528,1.3859902201220393,-11.23114261124283,23.81169154541567,1bar
90,3_chloropyridine,BOH2Ar_compound_6_benzofuran-2-boronic_acid,BPinAr_compound_6_benzofuran-2-boronate,XPhos,case3,-22.42570132529363,-20.09622552897781,-12.999826095066965,-8.228328901808709,0.35462667886167765,-14.513133478350937,22.780328004155308,1bar
90,2_chloropyridine,BOH2Ar_compound_9_as_BOH2_1-Boc-pyrrole-2-boronic_acid,BPinAr_compound_9_as_BPin_1-Boc-pyrrole-2-boronate,XPhos,case4,-32.63617103919387,-32.26901540579274,-24.193767946213484,-23.826309696305543,-13.530597847420722,-41.71845863433555,19.105573191773146,1bar
110,3_bromoquinoline,BOH2Ar_compound_2_as_BOH2_35-dimethylisoxazole-4-boronic_acid,BPinAr_compound_2_as_BPin_35-dimethylisoxazole-4-boronate,PCy3,case1,-31.415220716036856,-19.85955031076446,-9.270967286080122,-6.077639877330512,1.8678289651870728,-17.10851806914434,33.28304968122393,1bar
110,3_chloropyridine,BOH2Ar_compound_2_as_BOH2_35-dimethylisoxazole-4-boronic_acid,BPinAr_compound_2_as_BPin_35-dimethylisoxazole-4-boronate,PCy3,case2,-16.40692866453901,-12.646749044768512,-7.273091992828995,-6.992632722016424,4.6654091090895236,-16.865394122432917,21.072337773628533,1bar
110,3_chloropyridine,BOH2Ar_compound_6_benzofuran-2-boronic_acid,BPinAr_compound_6_benzofuran-2-boronate,PCy3,case3,-16.40692866500467,-21.93364272918552,-10.9282520362176,-8.91127609461546,2.797644126228988,-20.031396409496665,24.73128685541451,1bar
110,2_chloropyridine,BOH2Ar_compound_9_as_BOH2_1-Boc-pyrrole-2-boronic_acid,BPinAr_compound_9_as_BPin_1-Boc-pyrrole-2-boronate,PCy3,case4,-31.415339041035622,-24.322313827928156,-14.211429694667459,-0.06458951719105244,1.321316722780466,-29.36238232674077,32.73665576381609,1bar
110,3_bromoquinoline,BOH2Ar_compound_2_as_BOH2_35-dimethylisoxazole-4-boronic_acid,BPinAr_compound_2_as_BPin_35-dimethylisoxazole-4-boronate,PPh3,case1,-14.190950928721577,-21.00809795083478,-7.658231047447771,-6.936831946019083,0.02338190423324704,-14.974770373199135,21.031479855068028,1bar
110,3_chloropyridine,BOH2Ar_compound_2_as_BOH2_35-dimethylisoxazole-4-boronic_acid,BPinAr_compound_2_as_BPin_35-dimethylisoxazole-4-boronate,PPh3,case2,-10.240283612161875,-17.79423436522484,-8.415265860967338,-6.5981649942696095,0.7215377795509994,-15.208515756763518,18.515772144775838,1bar
110,3_chloropyridine,BOH2Ar_compound_6_benzofuran-2-boronic_acid,BPinAr_compound_6_benzofuran-2-boronate,PPh3,case3,-10.240283612627536,-20.19777929317206,-9.952157479245216,-7.676555511541665,1.1480895085260272,-16.347980374004692,21.34586880169809,1bar
110,2_chloropyridine,BOH2Ar_compound_9_as_BOH2_1-Boc-pyrrole-2-boronic_acid,BPinAr_compound_9_as_BPin_1-Boc-pyrrole-2-boronate,PPh3,case4,-13.27375136129558,-28.99689575470984,-11.665113132447004,-8.26671624975279,-3.11212236341089,-26.637639100663364,25.88477339129895,1bar
110,3_chloropyridine,BOH2Ar_compound_2_as_BOH2_35-dimethylisoxazole-4-boronic_acid,BPinAr_compound_2_as_BPin_35-dimethylisoxazole-4-boronate,AmPhos,case2,-13.555431966669858,-7.723127628676593,-4.080921716988087,-2.8435862390324473,5.060097461566329,-16.36198712605983,18.615529428236187,1bar
110,3_chloropyridine,BOH2Ar_compound_6_benzofuran-2-boronic_acid,BPinAr_compound_6_benzofuran-2-boronate,AmPhos,case3,-13.555431966669858,-12.121713100001216,-7.620965768583119,-3.6472004698589444,5.007305224891752,-16.368953849188983,18.56273719156161,1bar
110,2_chloropyridine,BOH2Ar_compound_9_as_BOH2_1-Boc-pyrrole-2-boronic_acid,BPinAr_compound_9_as_BPin_1-Boc-pyrrole-2-boronate,AmPhos,case4,-15.426229799631983,-10.654849796090275,-8.945861936546862,-8.40843477519229,-3.0635438850149512,-32.90544887352735,12.362685914617032,1bar
110,3_bromoquinoline,BOH2Ar_compound_2_as_BOH2_35-dimethylisoxazole-4-boronic_acid,BPinAr_compound_2_as_BPin_35-dimethylisoxazole-4-boronate,Catacxium_A,case1,-10.920862380415201,-8.660387873649597,-5.068622545804828,-4.526229452341795,3.134288369677961,-15.028366402722895,14.055150750093162,1bar
110,3_chloropyridine,BOH2Ar_compound_2_as_BOH2_35-dimethylisoxazole-4-boronic_acid,BPinAr_compound_2_as_BPin_35-dimethylisoxazole-4-boronate,Catacxium_A,case2,-12.6144615765661,-3.346300109755248,-5.370515933260322,-1.8260094486176968,2.783342123031616,-16.436869071330875,15.397803699597716,1bar
110,3_chloropyridine,BOH2Ar_compound_6_benzofuran-2-boronic_acid,BPinAr_compound_6_benzofuran-2-boronate,Catacxium_A,case3,-12.614461576100439,-5.92571466229856,-9.654672509524971,-6.978153882548213,2.890607740264386,-17.80538174835965,15.505069316364825,1bar
110,2_chloropyridine,BOH2Ar_compound_9_as_BOH2_1-Boc-pyrrole-2-boronic_acid,BPinAr_compound_9_as_BPin_1-Boc-pyrrole-2-boronate,Catacxium_A,case4,-7.2843815414235,-16.095617429353297,-8.752246828749776,-5.268988511059433,1.900994652416557,-32.580743248108774,17.996612081769854,1bar
110,3_chloropyridine,BOH2Ar_compound_2_as_BOH2_35-dimethylisoxazole-4-boronic_acid,BPinAr_compound_2_as_BPin_35-dimethylisoxazole-4-boronate,RuPhos,case2,-6.309023907408118,-8.505934435874224,-6.985951695591211,-9.136633472051471,5.220409609377384,-20.784625711850822,14.357043081428856,1bar
110,3_chloropyridine,BOH2Ar_compound_6_benzofuran-2-boronic_acid,BPinAr_compound_6_benzofuran-2-boronate,RuPhos,case3,-6.3090239078737795,-9.882056443486363,-10.584729125723243,-7.8082848666235805,4.889762612991035,-29.422615172341466,15.474491738714278,1bar
110,2_chloropyridine,BOH2Ar_compound_9_as_BOH2_1-Boc-pyrrole-2-boronic_acid,BPinAr_compound_9_as_BPin_1-Boc-pyrrole-2-boronate,RuPhos,case4,6.0023792795836926,-15.527559486217797,-6.842382857110351,-5.838302897289395,9.082379091531038,-24.491472053341568,24.609938577748835,1bar
110,3_bromoquinoline,BOH2Ar_compound_2_as_BOH2_35-dimethylisoxazole-4-boronic_acid,BPinAr_compound_2_as_BPin_35-dimethylisoxazole-4-boronate,SPhos,case1,-8.619872479699552,,-9.154864759650081,-4.424632983282208,3.998491150327027,-23.83651953469962,13.153355909977108,1bar
110,3_chloropyridine,BOH2Ar_compound_2_as_BOH2_35-dimethylisoxazole-4-boronic_acid,BPinAr_compound_2_as_BPin_35-dimethylisoxazole-4-boronate,SPhos,case2,12.766741113737226,10.634379270952195,1.9387597478926182,18.844578803516924,18.5031400853768,-9.712035525590181,16.56438033748418,1bar
110,3_chloropyridine,BOH2Ar_compound_6_benzofuran-2-boronic_acid,BPinAr_compound_6_benzofuran-2-boronate,SPhos,case3,12.766741113737226,4.169756810646504,3.821243442595005,3.2461358653381467,12.34424996189773,-14.130211325827986,9.098114096559584,1bar
110,2_chloropyridine,BOH2Ar_compound_9_as_BOH2_1-Boc-pyrrole-2-boronic_acid,BPinAr_compound_9_as_BPin_1-Boc-pyrrole-2-boronate,SPhos,case4,6.409311560448259,-18.790410732850432,-7.871130701620132,-1.9128520917147398,5.39261490246281,-30.254333086311817,24.183025635313243,1bar
110,3_bromoquinoline,BOH2Ar_compound_2_as_BOH2_35-dimethylisoxazole-4-boronic_acid,BPinAr_compound_2_as_BPin_35-dimethylisoxazole-4-boronate,tBu3,case1,1.7631558128632605,4.6500795527826995,-2.3282721396535635,1.9080685400404036,10.466292775701731,-16.36550738150254,12.794564915355295,1bar
110,3_chloropyridine,BOH2Ar_compound_2_as_BOH2_35-dimethylisoxazole-4-boronic_acid,BPinAr_compound_2_as_BPin_35-dimethylisoxazole-4-boronate,tBu3,case2,-5.567235708003864,4.261712739709765,-4.476179682184011,0.4325509602203965,5.369783848989755,-16.705300837289542,10.937019556993619,1bar
110,3_chloropyridine,BOH2Ar_compound_6_benzofuran-2-boronic_acid,BPinAr_compound_6_benzofuran-2-boronate,tBu3,case3,-5.567235708003864,-0.24818891566246748,-5.268734225304797,-0.08748644939623773,7.845803682459518,-19.491695100674406,13.413039390463382,1bar
110,2_chloropyridine,BOH2Ar_compound_9_as_BOH2_1-Boc-pyrrole-2-boronic_acid,BPinAr_compound_9_as_BPin_1-Boc-pyrrole-2-boronate,tBu3,case4,6.217756617348641,-2.0724061555229127,-1.0364589807577431,-1.4580717086791992,0.9118671333417296,-30.412326369434595,2.9842732888646424,1bar
110,3_bromoquinoline,BOH2Ar_compound_2_as_BOH2_35-dimethylisoxazole-4-boronic_acid,BPinAr_compound_2_as_BPin_35-dimethylisoxazole-4-boronate,XPhos,case1,-7.701509405858815,-9.719847773667425,-8.848080076742917,3.5524901915341616,10.63340974599123,-13.746878330595791,20.353257519658655,1bar
110,3_chloropyridine,BOH2Ar_compound_2_as_BOH2_35-dimethylisoxazole-4-boronic_acid,BPinAr_compound_2_as_BPin_35-dimethylisoxazole-4-boronate,XPhos,case2,-20.939368375577033,-11.795093833934516,-6.332568410318345,-3.4956656834110618,2.5760469203814864,-10.917028410825878,23.51541529595852,1bar
110,3_chloropyridine,BOH2Ar_compound_6_benzofuran-2-boronic_acid,BPinAr_compound_6_benzofuran-2-boronate,XPhos,case3,-20.939368375577033,-17.417663969565183,-11.790655785240233,-7.067118882201612,1.4738686284981668,-14.290642438456416,22.4132370040752,1bar
110,2_chloropyridine,BOH2Ar_compound_9_as_BOH2_1-Boc-pyrrole-2-boronic_acid,BPinAr_compound_9_as_BPin_1-Boc-pyrrole-2-boronate,XPhos,case4,-31.32568947924301,-29.628211666364223,-23.0474196462892,-22.668995486572385,-12.341608417686075,-41.475529964547604,18.984081061556935,1bar
