temp_C,substrate,boron species (BOH2),boron species (BPin),ligand,case,dG_TM_react_8_kcal_mol,dG_TM_react_9_kcal_mol,dG_TM_reactant_10_kcal_mol,dG_TM_reactant_kcal_mol,dG_TM_TS_kcal_mol,dG_TM_product_kcal_mol,total_barrier_kcal_mol,standard_state
30,3_bromoquinoline,BOH2Ar_compound_2_as_BOH2_35-dimethylisoxazole-4-boronic_acid,BPinAr_compound_2_as_BPin_35-dimethylisoxazole-4-boronate,PCy3,case1,-38.74072521574617,-34.4562253607215,-16.08004203554064,-12.939543246978968,-4.703498014470637,-17.924136778805405,34.03722720127553,1M
30,3_chloropyridine,BOH2Ar_compound_2_as_BOH2_35-dimethylisoxazole-4-boronic_acid,BPinAr_compound_2_as_BPin_35-dimethylisoxazole-4-boronate,PCy3,case2,-23.664102384576648,-26.73913205459356,-14.031111392879932,-13.51153157207936,-1.9206015008856356,-17.544524982571602,24.818530553707927,1M
30,3_chloropyridine,BOH2Ar_compound_6_benzofuran-2-boronic_acid,BPinAr_compound_6_benzofuran-2-boronate,PCy3,case3,-23.664102384576648,-35.56766369843498,-17.32125266570419,-15.258012154361307,-3.152179923595935,-20.384924069046974,32.41548377483904,1M
30,2_chloropyridine,BOH2Ar_compound_9_as_BOH2_1-Boc-pyrrole-2-boronic_acid,BPinAr_compound_9_as_BPin_1-Boc-pyrrole-2-boronate,PCy3,case4,-38.94525791121468,-39.1730274380894,-21.23453685477197,-7.010991357488632,-5.349419807305634,-30.554565706755966,33.82360763078376,1M
30,3_bromoquinoline,BOH2Ar_compound_2_as_BOH2_35-dimethylisoxazole-4-boronic_acid,BPinAr_compound_2_as_BPin_35-dimethylisoxazole-4-boronate,PPh3,case1,-21.575404898485242,-35.076832640893905,-14.42971793724045,-13.414736156107931,-6.568322125578374,-15.654544573277235,28.508510515315532,1M
30,3_chloropyridine,BOH2Ar_compound_2_as_BOH2_35-dimethylisoxazole-4-boronic_acid,BPinAr_compound_2_as_BPin_35-dimethylisoxazole-4-boronate,PPh3,case2,-17.801670612523406,-32.04642122562617,-15.204878350941538,-13.222538974357843,-5.882878390362561,-15.94578947685659,26.16354283526361,1M
30,3_chloropyridine,BOH2Ar_compound_6_benzofuran-2-boronic_acid,BPinAr_compound_6_benzofuran-2-boronate,PPh3,case3,-17.801670612523406,-34.21108641286954,-16.432677419146597,-14.239075421111732,-5.101033550908864,-17.05404656380415,29.11005286196068,1M
30,2_chloropyridine,BOH2Ar_compound_9_as_BOH2_1-Boc-pyrrole-2-boronic_acid,BPinAr_compound_9_as_BPin_1-Boc-pyrrole-2-boronate,PPh3,case4,-20.858988411014973,-43.291174374498574,-18.55529866203487,-14.962746510038226,-9.892165293207466,-27.855001560412347,33.39900908129111,1M
30,3_chloropyridine,BOH2Ar_compound_2_as_BOH2_35-dimethylisoxazole-4-boronic_acid,BPinAr_compound_2_as_BPin_35-dimethylisoxazole-4-boronate,AmPhos,case2,-21.468156127015202,-22.295200789325087,-10.988025407528578,-9.613924849534481,-1.70017712864846,-17.467249606736004,20.595023660676627,1M
30,3_chloropyridine,BOH2Ar_compound_6_benzofuran-2-boronic_acid,BPinAr_compound_6_benzofuran-2-boronate,AmPhos,case3,-21.468156127015202,-26.522131720069943,-14.330074029265045,-9.956246250065117,-1.439697224868536,-17.16152434889227,25.082434495201408,1M
30,2_chloropyridine,BOH2Ar_compound_9_as_BOH2_1-Boc-pyrrole-2-boronic_acid,BPinAr_compound_9_as_BPin_1-Boc-pyrrole-2-boronate,AmPhos,case4,-23.190054579859673,-25.26133137613177,-15.58838441617608,-15.34045918494284,-9.715963165497481,-34.05822487361729,15.54536821063429,1M
30,3_bromoquinoline,BOH2Ar_compound_2_as_BOH2_35-dimethylisoxazole-4-boronic_acid,BPinAr_compound_2_as_BPin_35-dimethylisoxazole-4-boronate,Catacxium_A,case1,-18.382784971257745,-22.880822094135134,-11.874158456211983,-11.14916788250029,-3.5292330805566907,-15.877472243271768,19.351589013578444,1M
30,3_chloropyridine,BOH2Ar_compound_2_as_BOH2_35-dimethylisoxazole-4-boronic_acid,BPinAr_compound_2_as_BPin_35-dimethylisoxazole-4-boronate,Catacxium_A,case2,-20.06833870637983,-17.52614352943018,-12.122762732895165,-8.397846978379487,-3.747425586206913,-17.162268350832164,16.320913120172918,1M
30,3_chloropyridine,BOH2Ar_compound_6_benzofuran-2-boronic_acid,BPinAr_compound_6_benzofuran-2-boronate,Catacxium_A,case3,-20.06833870637983,-19.970557982545493,-16.123940618930458,-13.344874612277447,-3.3333636999484897,-18.45950329862535,16.73497500643134,1M
30,2_chloropyridine,BOH2Ar_compound_9_as_BOH2_1-Boc-pyrrole-2-boronic_acid,BPinAr_compound_9_as_BPin_1-Boc-pyrrole-2-boronate,Catacxium_A,case4,-14.976063952071666,-30.601194309514163,-15.637468469085245,-11.887136080989688,-4.92074507776469,-33.762533728033304,25.680449231749474,1M
30,3_chloropyridine,BOH2Ar_compound_2_as_BOH2_35-dimethylisoxazole-4-boronic_acid,BPinAr_compound_2_as_BPin_35-dimethylisoxazole-4-boronate,RuPhos,case2,-14.002435357997268,-23.23646496606633,-13.775493515877127,-15.575833262166082,-1.2081804110091925,-21.953598062507808,22.028284555057137,1M
30,3_chloropyridine,BOH2Ar_compound_6_benzofuran-2-boronic_acid,BPinAr_compound_6_benzofuran-2-boronate,RuPhos,case3,-14.002435357997268,-23.854801873188613,-17.111365455424487,-14.389547466056495,-1.54794591734007,-30.113865382038057,22.306855955848544,1M
30,2_chloropyridine,BOH2Ar_compound_9_as_BOH2_1-Boc-pyrrole-2-boronic_acid,BPinAr_compound_9_as_BPin_1-Boc-pyrrole-2-boronate,RuPhos,case4,-1.4649904507566989,-29.515823736764638,-13.405483777390867,-12.575146007107644,2.4423479812796414,-25.3515012729913,31.95817171804428,1M
30,3_bromoquinoline,BOH2Ar_compound_2_as_BOH2_35-dimethylisoxazole-4-boronic_acid,BPinAr_compound_2_as_BPin_35-dimethylisoxazole-4-boronate,SPhos,case1,-16.671147649398147,,-15.964087999647557,-11.252161483036428,-2.927282139880657,-25.08173550479114,13.74386550951749,1M
30,3_chloropyridine,BOH2Ar_compound_2_as_BOH2_35-dimethylisoxazole-4-boronic_acid,BPinAr_compound_2_as_BPin_35-dimethylisoxazole-4-boronate,SPhos,case2,5.094111313356012,-3.4146060496346653,-4.927658102696836,12.01384428307593,11.720996524916888,-10.886562505736947,16.648654627613723,1M
30,3_chloropyridine,BOH2Ar_compound_6_benzofuran-2-boronic_acid,BPinAr_compound_6_benzofuran-2-boronate,SPhos,case3,5.094111313356012,-9.808841749537885,-2.5175863474030793,-3.1795285644364357,5.933782991731465,-14.842610555700958,15.74262474126935,1M
30,2_chloropyridine,BOH2Ar_compound_9_as_BOH2_1-Boc-pyrrole-2-boronic_acid,BPinAr_compound_9_as_BPin_1-Boc-pyrrole-2-boronate,SPhos,case4,-1.6387286896240711,-33.51015063326448,-14.712463601714074,-8.956828971615135,-1.645602927299291,-31.545242266729474,31.86454770596519,1M
30,3_bromoquinoline,BOH2Ar_compound_2_as_BOH2_35-dimethylisoxazole-4-boronic_acid,BPinAr_compound_2_as_BPin_35-dimethylisoxazole-4-boronate,tBu3,case1,-5.94570026708588,-9.068472097605616,-9.12630781995885,-4.952097819641307,3.741098245384097,-17.05170456133783,12.867406065342948,1M
30,3_chloropyridine,BOH2Ar_compound_2_as_BOH2_35-dimethylisoxazole-4-boronic_acid,BPinAr_compound_2_as_BPin_35-dimethylisoxazole-4-boronate,tBu3,case2,-12.799460967758744,-10.107423390705288,-11.208649622265323,-6.188046719867811,-1.1229278510325402,-17.42377329734154,11.676533116726205,1M
30,3_chloropyridine,BOH2Ar_compound_6_benzofuran-2-boronic_acid,BPinAr_compound_6_benzofuran-2-boronate,tBu3,case3,-12.799460967758744,-14.10817978528902,-11.769224675593971,-6.7204107295145095,1.5033188823255896,-20.08820926072076,15.611498667614608,1M
30,2_chloropyridine,BOH2Ar_compound_9_as_BOH2_1-Boc-pyrrole-2-boronic_acid,BPinAr_compound_9_as_BPin_1-Boc-pyrrole-2-boronate,tBu3,case4,-1.1164195823837817,-15.950772376010343,-7.543497750757337,-8.014367988554834,-5.7486775370669365,-31.312761549372226,10.202094838943406,1M
30,3_bromoquinoline,BOH2Ar_compound_2_as_BOH2_35-dimethylisoxazole-4-boronic_acid,BPinAr_compound_2_as_BPin_35-dimethylisoxazole-4-boronate,XPhos,case1,-15.84203357551068,-24.58884203385204,-15.985794127209186,-3.2858516082522273,3.7100162960234284,-14.710208010859787,28.29885832987547,1M
30,3_chloropyridine,BOH2Ar_compound_2_as_BOH2_35-dimethylisoxazole-4-boronic_acid,BPinAr_compound_2_as_BPin_35-dimethylisoxazole-4-boronate,XPhos,case2,-28.843541155790984,-26.466048684414623,-13.26086238095358,-10.484435313602983,-4.1460415294748545,-12.174628131091595,24.69749962631613,1M
30,3_chloropyridine,BOH2Ar_compound_6_benzofuran-2-boronic_acid,BPinAr_compound_6_benzofuran-2-boronate,XPhos,case3,-28.843541155790984,-32.01205174948662,-18.581826715486198,-13.668333792349397,-4.948219181260169,-15.166484178043902,27.063832568226456,1M
30,2_chloropyridine,BOH2Ar_compound_9_as_BOH2_1-Boc-pyrrole-2-boronic_acid,BPinAr_compound_9_as_BPin_1-Boc-pyrrole-2-boronate,XPhos,case4,-38.50561789911062,-44.0776812559703,-29.576728866191655,-29.26105354608789,-19.053637547174542,-42.43890736438334,25.024043708795755,1M
50,3_bromoquinoline,BOH2Ar_compound_2_as_BOH2_35-dimethylisoxazole-4-boronic_acid,BPinAr_compound_2_as_BPin_35-dimethylisoxazole-4-boronate,PCy3,case1,-37.56732112650955,-32.117148441117436,-15.032630925692708,-11.875638077661485,-3.7149960544631777,-17.723318418953568,33.85232507204637,1M
50,3_chloropyridine,BOH2Ar_compound_2_as_BOH2_35-dimethylisoxazole-4-boronic_acid,BPinAr_compound_2_as_BPin_35-dimethylisoxazole-4-boronate,PCy3,case2,-22.50512122472012,-24.527304564923227,-12.99466357256481,-12.535350712176502,-0.9288639511653183,-17.377996512223035,23.59844061375791,1M
50,3_chloropyridine,BOH2Ar_compound_6_benzofuran-2-boronic_acid,BPinAr_compound_6_benzofuran-2-boronate,PCy3,case3,-22.50512122472012,-33.472321658715785,-16.379225196011454,-14.32533003405863,-2.3214139832855163,-20.301682649180293,31.15090767543027,1M
50,2_chloropyridine,BOH2Ar_compound_9_as_BOH2_1-Boc-pyrrole-2-boronic_acid,BPinAr_compound_9_as_BPin_1-Boc-pyrrole-2-boronate,PCy3,case4,-37.722798880815596,-36.77609466839972,-20.13719338474059,-5.927402127694428,-4.337304957371295,-30.26077283732593,33.3854939234443,1M
50,3_bromoquinoline,BOH2Ar_compound_2_as_BOH2_35-dimethylisoxazole-4-boronic_acid,BPinAr_compound_2_as_BPin_35-dimethylisoxazole-4-boronate,PPh3,case1,-20.381544558491647,-32.8679480807336,-13.388697627626449,-12.44848195619145,-5.574974035538823,-15.485358733218163,27.292974045194775,1M
50,3_chloropyridine,BOH2Ar_compound_2_as_BOH2_35-dimethylisoxazole-4-boronic_acid,BPinAr_compound_2_as_BPin_35-dimethylisoxazole-4-boronate,PPh3,case2,-16.561587102405817,-29.79200414553675,-14.160180431485266,-12.219643334552735,-4.885789160311312,-15.764416006859392,24.90621498522544,1M
50,3_chloropyridine,BOH2Ar_compound_6_benzofuran-2-boronic_acid,BPinAr_compound_6_benzofuran-2-boronate,PPh3,case3,-16.561587102405817,-32.019764163386256,-15.46914728886643,-13.252340290855706,-4.193662180725575,-16.88305387366563,27.82610198266068,1M
50,2_chloropyridine,BOH2Ar_compound_9_as_BOH2_1-Boc-pyrrole-2-boronic_acid,BPinAr_compound_9_as_BPin_1-Boc-pyrrole-2-boronate,PPh3,case4,-19.615648781575352,-41.03002669508028,-17.490860512640417,-13.940343110051096,-8.852008163623601,-27.5523497806862,32.17801853145668,1M
50,3_chloropyridine,BOH2Ar_compound_2_as_BOH2_35-dimethylisoxazole-4-boronic_acid,BPinAr_compound_2_as_BPin_35-dimethylisoxazole-4-boronate,AmPhos,case2,-20.142508187025875,-19.957934049278677,-9.91194864751035,-8.572068559631795,-0.6614599886090455,-17.190626796800643,19.48104819841683,1M
50,3_chloropyridine,BOH2Ar_compound_6_benzofuran-2-boronic_acid,BPinAr_compound_6_benzofuran-2-boronate,AmPhos,case3,-20.142508187025875,-24.23060055993888,-13.30415721905613,-9.02843931985283,-0.4819345252328513,-16.96683937916532,23.748666034706027,1M
50,2_chloropyridine,BOH2Ar_compound_9_as_BOH2_1-Boc-pyrrole-2-boronic_acid,BPinAr_compound_9_as_BPin_1-Boc-pyrrole-2-boronate,AmPhos,case4,-21.901475160077304,-22.923353655584336,-14.579277446188122,-14.25703200481096,-8.704230945251972,-33.77195185329765,14.219122710332364,1M
50,3_bromoquinoline,BOH2Ar_compound_2_as_BOH2_35-dimethylisoxazole-4-boronic_acid,BPinAr_compound_2_as_BPin_35-dimethylisoxazole-4-boronate,Catacxium_A,case1,-17.174463120915085,-20.63568042437005,-10.827724926333964,-10.145724772635937,-2.517296810794711,-15.667385603301227,18.11838361357534,1M
50,3_chloropyridine,BOH2Ar_compound_2_as_BOH2_35-dimethylisoxazole-4-boronic_acid,BPinAr_compound_2_as_BPin_35-dimethylisoxazole-4-boronate,Catacxium_A,case2,-18.85658213558802,-15.288909219525934,-11.087556242637426,-7.404277538575322,-2.7663452063427267,-16.98208441119641,16.090236929245293,1M
50,3_chloropyridine,BOH2Ar_compound_6_benzofuran-2-boronic_acid,BPinAr_compound_6_benzofuran-2-boronate,Catacxium_A,case3,-18.85658213558802,-17.771468481835157,-15.16041122905174,-12.404388732437134,-2.431384499345064,-18.299652638379484,16.425197636242956,1M
50,2_chloropyridine,BOH2Ar_compound_9_as_BOH2_1-Boc-pyrrole-2-boronic_acid,BPinAr_compound_9_as_BPin_1-Boc-pyrrole-2-boronate,Catacxium_A,case4,-13.708329261440873,-28.28513863901067,-14.572860068336219,-10.883097480677158,-3.8694706472308336,-33.47055859770626,24.415667991779834,1M
50,3_chloropyridine,BOH2Ar_compound_2_as_BOH2_35-dimethylisoxazole-4-boronic_acid,BPinAr_compound_2_as_BPin_35-dimethylisoxazole-4-boronate,RuPhos,case2,-12.73670580766359,-20.86765458606574,-12.733063436273575,-14.619213002428502,-0.2565360811279116,-21.66626906208694,20.611118504937828,1M
50,3_chloropyridine,BOH2Ar_compound_6_benzofuran-2-boronic_acid,BPinAr_compound_6_benzofuran-2-boronate,RuPhos,case3,-12.73670580766359,-21.676114493370235,-16.136370265551,-13.399607396379203,-0.5966674570665655,-29.94760177191347,21.07944703630367,1M
50,2_chloropyridine,BOH2Ar_compound_9_as_BOH2_1-Boc-pyrrole-2-boronic_acid,BPinAr_compound_9_as_BPin_1-Boc-pyrrole-2-boronate,RuPhos,case4,-0.25449292051801065,-27.331186876021505,-12.418535686723978,-11.542975667093039,3.4455750415361526,-25.138716862536967,30.776761917557657,1M
50,3_bromoquinoline,BOH2Ar_compound_2_as_BOH2_35-dimethylisoxazole-4-boronic_acid,BPinAr_compound_2_as_BPin_35-dimethylisoxazole-4-boronate,SPhos,case1,-15.317740829356104,,-14.914927830148578,-10.198906853489667,-1.8495246299282608,-24.772744204849005,13.468216199427843,1M
50,3_chloropyridine,BOH2Ar_compound_2_as_BOH2_35-dimethylisoxazole-4-boronic_acid,BPinAr_compound_2_as_BPin_35-dimethylisoxazole-4-boronate,SPhos,case2,6.359245173938483,-1.21269750953111,-3.8639346423299012,13.069058443259358,12.762781734883696,-10.594604345969856,16.626716377213597,1M
50,3_chloropyridine,BOH2Ar_compound_6_benzofuran-2-boronic_acid,BPinAr_compound_6_benzofuran-2-boronate,SPhos,case3,6.359245173938483,-7.628144258488148,-1.5873414070085583,-2.2259026548565326,6.882015241615385,-14.668633425608277,14.510159500103534,1M
50,2_chloropyridine,BOH2Ar_compound_9_as_BOH2_1-Boc-pyrrole-2-boronic_acid,BPinAr_compound_9_as_BPin_1-Boc-pyrrole-2-boronate,SPhos,case4,-0.28445779920750836,-31.141189072601676,-13.662217491466642,-7.850721851151526,-0.5435147170648871,-31.228071546182036,30.59767435553679,1M
50,3_bromoquinoline,BOH2Ar_compound_2_as_BOH2_35-dimethylisoxazole-4-boronic_acid,BPinAr_compound_2_as_BPin_35-dimethylisoxazole-4-boronate,tBu3,case1,-4.674332987211734,-6.947228697681978,-8.08098001980418,-3.887786199964672,4.767750635582864,-16.881911281030625,12.848730655387044,1M
50,3_chloropyridine,BOH2Ar_compound_2_as_BOH2_35-dimethylisoxazole-4-boronic_acid,BPinAr_compound_2_as_BPin_35-dimethylisoxazole-4-boronate,tBu3,case2,-11.64490576779665,-7.826862070564359,-10.177287041835577,-5.183119539331734,-0.15220521057219782,-17.245457116980106,11.492700557224452,1M
50,3_chloropyridine,BOH2Ar_compound_6_benzofuran-2-boronic_acid,BPinAr_compound_6_benzofuran-2-boronate,tBu3,case3,-11.64490576779665,-11.956889375200674,-10.799236195322216,-5.714556259496227,2.433238032579333,-19.943803970701993,14.390127407780007,1M
50,2_chloropyridine,BOH2Ar_compound_9_as_BOH2_1-Boc-pyrrole-2-boronic_acid,BPinAr_compound_9_as_BPin_1-Boc-pyrrole-2-boronate,tBu3,case4,0.06191730739353618,-13.792606345931247,-6.570306150868625,-7.026780168686152,-4.73704571712026,-31.090404709801078,9.055560628810987,1M
50,3_bromoquinoline,BOH2Ar_compound_2_as_BOH2_35-dimethylisoxazole-4-boronic_acid,BPinAr_compound_2_as_BPin_35-dimethylisoxazole-4-boronate,XPhos,case1,-14.458952465720564,-22.182838354114622,-14.851458027187824,-2.22645619900161,4.7880050454548595,-14.47243527136743,26.970843399569482,1M
50,3_chloropyridine,BOH2Ar_compound_2_as_BOH2_35-dimethylisoxazole-4-boronic_acid,BPinAr_compound_2_as_BPin_35-dimethylisoxazole-4-boronate,XPhos,case2,-27.519289275325924,-24.102418714057833,-12.181039490431637,-9.389180033162326,-3.1164154593572913,-11.860040611121804,24.402873815968633,1M
50,3_chloropyridine,BOH2Ar_compound_6_benzofuran-2-boronic_acid,BPinAr_compound_6_benzofuran-2-boronate,XPhos,case3,-27.519289275325924,-29.676675288327218,-17.53693855476761,-12.670383451666773,-3.99782955103749,-14.95119832828641,25.678845737289727,1M
50,2_chloropyridine,BOH2Ar_compound_9_as_BOH2_1-Boc-pyrrole-2-boronic_acid,BPinAr_compound_9_as_BPin_1-Boc-pyrrole-2-boronate,XPhos,case4,-37.3676744291299,-41.776873255934746,-28.599997006051332,-28.26373029609406,-18.027962677341044,-42.20023997453973,23.7489105785937,1M
70,3_bromoquinoline,BOH2Ar_compound_2_as_BOH2_35-dimethylisoxazole-4-boronic_acid,BPinAr_compound_2_as_BPin_35-dimethylisoxazole-4-boronate,PCy3,case1,-36.394292576697794,-29.78289511146611,-13.987728786182732,-10.816531347570152,-2.7294661952118875,-17.5203201090917,33.66482638148591,1M
70,3_chloropyridine,BOH2Ar_compound_2_as_BOH2_35-dimethylisoxazole-4-boronic_acid,BPinAr_compound_2_as_BPin_35-dimethylisoxazole-4-boronate,PCy3,case2,-21.348374674555988,-22.319514854798378,-11.961997022845924,-11.562639042263061,0.06018602895256864,-17.20919098239392,22.379700883750946,1M
70,3_chloropyridine,BOH2Ar_compound_6_benzofuran-2-boronic_acid,BPinAr_compound_6_benzofuran-2-boronate,PCy3,case3,-21.34837467502165,-31.37979277873999,-15.438850636121959,-13.395853754126609,-1.4920990336622597,-20.214919589459896,29.88769374507773,1M
70,2_chloropyridine,BOH2Ar_compound_9_as_BOH2_1-Boc-pyrrole-2-boronic_acid,BPinAr_compound_9_as_BPin_1-Boc-pyrrole-2-boronate,PCy3,case4,-36.499325750854936,-34.38008055834687,-19.039900964585275,-4.847677527454824,-3.327318467659086,-29.963980827014893,33.17200728319585,1M
70,3_bromoquinoline,BOH2Ar_compound_2_as_BOH2_35-dimethylisoxazole-4-boronic_acid,BPinAr_compound_2_as_BPin_35-dimethylisoxazole-4-boronate,PPh3,case1,-19.192073018283725,-30.66514368074602,-12.35229105781126,-11.485932296135605,-4.584427095943273,-15.315623773261905,26.080716584802747,1M
70,3_chloropyridine,BOH2Ar_compound_2_as_BOH2_35-dimethylisoxazole-4-boronic_acid,BPinAr_compound_2_as_BPin_35-dimethylisoxazole-4-boronate,PPh3,case2,-15.327230342191786,-27.54343053557566,-13.119483460665823,-11.220459124067009,-3.891890350257188,-15.580967306625098,23.65154018531847,1M
70,3_chloropyridine,BOH2Ar_compound_6_benzofuran-2-boronic_acid,BPinAr_compound_6_benzofuran-2-boronate,PPh3,case3,-15.327230342657447,-29.83201913301489,-14.506983058986396,-12.26886023114729,-3.288954951328367,-16.70824240334332,26.54306418168652,1M
70,2_chloropyridine,BOH2Ar_compound_9_as_BOH2_1-Boc-pyrrole-2-boronic_acid,BPinAr_compound_9_as_BPin_1-Boc-pyrrole-2-boronate,PPh3,case4,-18.376175041304112,-38.77209251465863,-16.42669379244852,-12.922753940330029,-7.814466443372101,-27.248491670936346,30.95762607128653,1M
70,3_chloropyridine,BOH2Ar_compound_2_as_BOH2_35-dimethylisoxazole-4-boronic_acid,BPinAr_compound_2_as_BPin_35-dimethylisoxazole-4-boronate,AmPhos,case2,-18.82097960635382,-17.6284939590714,-8.841242477291406,-7.535613599226952,0.3722130917076467,-16.914121156558394,19.193192698061466,1M
70,3_chloropyridine,BOH2Ar_compound_6_benzofuran-2-boronic_acid,BPinAr_compound_6_benzofuran-2-boronate,AmPhos,case3,-18.82097960681948,-21.94497375002718,-12.283235528965623,-8.106996749987037,0.4725352050800322,-16.769743379205465,22.417508955107213,1M
70,2_chloropyridine,BOH2Ar_compound_9_as_BOH2_1-Boc-pyrrole-2-boronic_acid,BPinAr_compound_9_as_BPin_1-Boc-pyrrole-2-boronate,AmPhos,case4,-20.61715593002099,-20.58777785625896,-13.575037536670596,-13.179802415420443,-7.697560165536732,-33.484306923579425,12.919595764484257,1M
70,3_bromoquinoline,BOH2Ar_compound_2_as_BOH2_35-dimethylisoxazole-4-boronic_acid,BPinAr_compound_2_as_BPin_35-dimethylisoxazole-4-boronate,Catacxium_A,case1,-15.967095830471397,-18.395472164253057,-9.783743626431704,-9.146615102880777,-1.5086034303467275,-15.45574554335326,16.88686873390633,1M
70,3_chloropyridine,BOH2Ar_compound_2_as_BOH2_35-dimethylisoxazole-4-boronic_acid,BPinAr_compound_2_as_BPin_35-dimethylisoxazole-4-boronate,Catacxium_A,case2,-17.649536126286865,-13.058172859238745,-10.056251372204304,-6.417077278246314,-1.7901263460453154,-16.801059591118246,15.859409780241549,1M
70,3_chloropyridine,BOH2Ar_compound_6_benzofuran-2-boronic_acid,BPinAr_compound_6_benzofuran-2-boronate,Catacxium_A,case3,-17.649536126286865,-15.575858752230467,-14.200204969377399,-11.469046962441087,-1.5326806195016505,-18.13726766826585,16.116855506785214,1M
70,2_chloropyridine,BOH2Ar_compound_9_as_BOH2_1-Boc-pyrrole-2-boronic_acid,BPinAr_compound_9_as_BPin_1-Boc-pyrrole-2-boronate,Catacxium_A,case4,-12.442910752252818,-25.97374050969845,-13.509502529160262,-9.884653461159349,-2.821287727908373,-33.17613044846803,23.15245278179008,1M
70,3_chloropyridine,BOH2Ar_compound_2_as_BOH2_35-dimethylisoxazole-4-boronic_acid,BPinAr_compound_2_as_BPin_35-dimethylisoxazole-4-boronate,RuPhos,case2,-11.471689217717529,-18.501130646081926,-11.69312308634925,-13.666351272718192,0.6928731985453962,-21.375500692985952,19.19400384462732,1M
70,3_chloropyridine,BOH2Ar_compound_6_benzofuran-2-boronic_acid,BPinAr_compound_6_benzofuran-2-boronate,RuPhos,case3,-11.471689217717529,-19.499390133178146,-15.162722405505509,-12.411934585769803,0.35418695305180536,-29.77683641249314,19.85357708622995,1M
70,2_chloropyridine,BOH2Ar_compound_9_as_BOH2_1-Boc-pyrrole-2-boronic_acid,BPinAr_compound_9_as_BPin_1-Boc-pyrrole-2-boronate,RuPhos,case4,0.9544323394138812,-25.149816026432724,-11.434858907007754,-10.515302887180031,4.44748609141153,-24.9243866330944,29.597302117844254,1M
70,3_bromoquinoline,BOH2Ar_compound_2_as_BOH2_35-dimethylisoxazole-4-boronic_acid,BPinAr_compound_2_as_BPin_35-dimethylisoxazole-4-boronate,SPhos,case1,-13.963710859411538,,-13.869548189913065,-9.149050033644915,-0.7752046701434554,-24.462096105329692,13.188506189268082,1M
70,3_chloropyridine,BOH2Ar_compound_2_as_BOH2_35-dimethylisoxazole-4-boronic_acid,BPinAr_compound_2_as_BPin_35-dimethylisoxazole-4-boronate,SPhos,case2,7.620585493749797,0.9845266104803381,-2.8040988924849333,14.120092663454681,13.801203744492351,-10.301431336440146,16.605302636977285,1M
70,3_chloropyridine,BOH2Ar_compound_6_benzofuran-2-boronic_acid,BPinAr_compound_6_benzofuran-2-boronate,SPhos,case3,7.620585493749797,-5.4496611384547355,-0.6600200771290363,-1.2763101342070402,7.827241471509307,-14.4918027757667,13.276902609964043,1M
70,2_chloropyridine,BOH2Ar_compound_9_as_BOH2_1-Boc-pyrrole-2-boronic_acid,BPinAr_compound_9_as_BPin_1-Boc-pyrrole-2-boronate,SPhos,case4,1.069337440661013,-28.776374722818197,-12.61083800158757,-6.747086941723854,0.5577990422089099,-30.90696689626202,29.334173765027106,1M
70,3_bromoquinoline,BOH2Ar_compound_2_as_BOH2_35-dimethylisoxazole-4-boronic_acid,BPinAr_compound_2_as_BPin_35-dimethylisoxazole-4-boronate,tBu3,case1,-3.4047886372945757,-4.832074107356653,-7.038662439904318,-2.828893669874549,5.791647845652744,-16.710876821307465,12.830310285557061,1M
70,3_chloropyridine,BOH2Ar_compound_2_as_BOH2_35-dimethylisoxazole-4-boronic_acid,BPinAr_compound_2_as_BPin_35-dimethylisoxazole-4-boronate,tBu3,case2,-10.493877787602276,-5.54995819063513,-9.150610971956656,-4.183978579466373,0.8142131392442136,-17.066196036990732,11.30809092684649,1M
70,3_chloropyridine,BOH2Ar_compound_6_benzofuran-2-boronic_acid,BPinAr_compound_6_benzofuran-2-boronate,tBu3,case3,-10.493877787602276,-9.807978555081696,-9.831655545386628,-4.71301372884135,3.3610479426634012,-19.796132850460708,13.854925730265677,1M
70,2_chloropyridine,BOH2Ar_compound_9_as_BOH2_1-Boc-pyrrole-2-boronic_acid,BPinAr_compound_9_as_BPin_1-Boc-pyrrole-2-boronate,tBu3,case4,1.2379654373571722,-11.63840260634786,-5.600588981055797,-6.044108828523338,-3.728993607212931,-30.866123049519956,7.909408999134929,1M
70,3_bromoquinoline,BOH2Ar_compound_2_as_BOH2_35-dimethylisoxazole-4-boronic_acid,BPinAr_compound_2_as_BPin_35-dimethylisoxazole-4-boronate,XPhos,case1,-13.080314826213897,-19.78079602400428,-13.722905586467267,-1.1728378585475983,5.862010985619246,-14.232509361114353,25.642807009623528,1M
70,3_chloropyridine,BOH2Ar_compound_2_as_BOH2_35-dimethylisoxazole-4-boronic_acid,BPinAr_compound_2_as_BPin_35-dimethylisoxazole-4-boronate,XPhos,case2,-26.199691874900044,-21.747776913443865,-11.105526550666571,-8.298471532755674,-2.0921395490813555,-11.545509120449424,24.107552325818688,1M
70,3_chloropyridine,BOH2Ar_compound_6_benzofuran-2-boronic_acid,BPinAr_compound_6_benzofuran-2-boronate,XPhos,case3,-26.199691874900044,-27.344015758471848,-16.495947125361443,-11.67675357171628,-3.049934040748656,-14.733365417923778,24.29408171772319,1M
70,2_chloropyridine,BOH2Ar_compound_9_as_BOH2_1-Boc-pyrrole-2-boronic_acid,BPinAr_compound_9_as_BPin_1-Boc-pyrrole-2-boronate,XPhos,case4,-36.230866219842014,-39.47998312626621,-27.625336776481152,-27.2718728464033,-17.006690377363146,-41.96005902485922,22.473292748903066,1M
90,3_bromoquinoline,BOH2Ar_compound_2_as_BOH2_35-dimethylisoxazole-4-boronic_acid,BPinAr_compound_2_as_BPin_35-dimethylisoxazole-4-boronate,PCy3,case1,-35.22197182672477,-27.453861920822533,-12.945580105859847,-9.762315247304798,-1.7469771347046494,-17.315331168938428,33.47499469202012,1M
90,3_chloropyridine,BOH2Ar_compound_2_as_BOH2_35-dimethylisoxazole-4-boronic_acid,BPinAr_compound_2_as_BPin_35-dimethylisoxazole-4-boronate,PCy3,case2,-20.194060834687264,-20.116159004353108,-10.933242842651964,-10.593507271822602,1.0464895492381752,-17.038273772224784,21.240550383925438,1M
90,3_chloropyridine,BOH2Ar_compound_6_benzofuran-2-boronic_acid,BPinAr_compound_6_benzofuran-2-boronate,PCy3,case3,-20.194060835152925,-29.29040917866689,-14.500283695854307,-12.469626234475584,-0.6642169436477721,-20.12477733939886,28.62619223501912,1M
90,2_chloropyridine,BOH2Ar_compound_9_as_BOH2_1-Boc-pyrrole-2-boronic_acid,BPinAr_compound_9_as_BPin_1-Boc-pyrrole-2-boronate,PCy3,case4,-35.275205091204555,-31.98558661826712,-17.94301588470495,-3.7718647374809384,-2.3195542675480842,-29.664442257024348,32.95565082365647,1M
90,3_bromoquinoline,BOH2Ar_compound_2_as_BOH2_35-dimethylisoxazole-4-boronic_acid,BPinAr_compound_2_as_BPin_35-dimethylisoxazole-4-boronate,PPh3,case1,-18.007010838579447,-28.46872077063483,-11.3205859270916,-10.527166036054552,-3.596758765265405,-15.145407313015312,24.871962005369426,1M
90,3_chloropyridine,BOH2Ar_compound_2_as_BOH2_35-dimethylisoxazole-4-boronic_acid,BPinAr_compound_2_as_BPin_35-dimethylisoxazole-4-boronate,PPh3,case2,-14.098605022396953,-25.30102576521051,-12.082943070776821,-10.225079423844875,-2.901238130036801,-15.395616576541215,22.39978763517371,1M
90,3_chloropyridine,BOH2Ar_compound_6_benzofuran-2-boronic_acid,BPinAr_compound_6_benzofuran-2-boronate,PPh3,case3,-14.098605022396953,-27.648197913736226,-13.546396579224677,-11.288712901625843,-2.386854681283295,-16.529820014256984,25.26134323245293,1M
90,2_chloropyridine,BOH2Ar_compound_9_as_BOH2_1-Boc-pyrrole-2-boronic_acid,BPinAr_compound_9_as_BPin_1-Boc-pyrrole-2-boronate,PPh3,case4,-17.1406572816,-36.5178537752555,-15.363149752937318,-11.910009420573772,-6.779618733659446,-26.943551630713046,29.738235041596056,1M
90,3_chloropyridine,BOH2Ar_compound_2_as_BOH2_35-dimethylisoxazole-4-boronic_acid,BPinAr_compound_2_as_BPin_35-dimethylisoxazole-4-boronate,AmPhos,case2,-17.50372273670888,-15.307107319317877,-7.776014127399832,-6.504587109763235,1.4009067112542093,-16.637870667036623,18.90462944796309,1M
90,3_chloropyridine,BOH2Ar_compound_6_benzofuran-2-boronic_acid,BPinAr_compound_6_benzofuran-2-boronate,AmPhos,case3,-17.50372273670888,-19.665540110048028,-11.267310648787827,-7.191767380204111,1.4237909749112427,-16.570398388896137,21.08933108495927,1M
90,2_chloropyridine,BOH2Ar_compound_9_as_BOH2_1-Boc-pyrrole-2-boronic_acid,BPinAr_compound_9_as_BPin_1-Boc-pyrrole-2-boronate,AmPhos,case4,-19.337192609537453,-18.255083075918378,-12.575698406532467,-12.108752975337268,-6.6958369948939085,-33.19543120358139,12.641355614643544,1M
90,3_bromoquinoline,BOH2Ar_compound_2_as_BOH2_35-dimethylisoxazole-4-boronic_acid,BPinAr_compound_2_as_BPin_35-dimethylisoxazole-4-boronate,Catacxium_A,case1,-14.76095888074866,-16.16055263412011,-8.742450685802908,-8.1519055623599,-0.50320059024176,-15.242696193046868,15.657352043878348,1M
90,3_chloropyridine,BOH2Ar_compound_2_as_BOH2_35-dimethylisoxazole-4-boronic_acid,BPinAr_compound_2_as_BPin_35-dimethylisoxazole-4-boronate,Catacxium_A,case2,-16.44728361498943,-10.834179259099185,-9.029003102894933,-5.436156118385553,-0.818718566190511,-16.61929206131026,15.628565048798919,1M
90,3_chloropyridine,BOH2Ar_compound_6_benzofuran-2-boronic_acid,BPinAr_compound_6_benzofuran-2-boronate,Catacxium_A,case3,-16.44728361498943,-13.384106902133793,-13.243406419273526,-10.53879134226969,-0.6371739195697605,-17.972471218556166,15.81010969541967,1M
90,2_chloropyridine,BOH2Ar_compound_9_as_BOH2_1-Boc-pyrrole-2-boronic_acid,BPinAr_compound_9_as_BPin_1-Boc-pyrrole-2-boronate,Catacxium_A,case4,-11.180012081380994,-23.66739759008226,-12.44768718919164,-8.891769471675218,-1.7762547676489353,-32.879462408367544,21.891142822433324,1M
90,3_chloropyridine,BOH2Ar_compound_2_as_BOH2_35-dimethylisoxazole-4-boronic_acid,BPinAr_compound_2_as_BPin_35-dimethylisoxazole-4-boronate,RuPhos,case2,-10.207548727843971,-16.137359475910785,-10.655841525740982,-12.71728531234345,1.640052699387014,-21.081543812528253,17.777412175297798,1M
90,3_chloropyridine,BOH2Ar_compound_6_benzofuran-2-boronic_acid,BPinAr_compound_6_benzofuran-2-boronate,RuPhos,case3,-10.207548727843971,-17.324893023081245,-14.190594335649223,-11.426605306197018,1.3045529331042767,-29.60177426226437,18.62944595618552,1M
90,2_chloropyridine,BOH2Ar_compound_9_as_BOH2_1-Boc-pyrrole-2-boronic_acid,BPinAr_compound_9_as_BPin_1-Boc-pyrrole-2-boronate,RuPhos,case4,2.16162885902071,-22.972102217570068,-10.454578577172072,-9.492198507398427,5.447980601243615,-24.708608613349497,28.420082818813682,1M
90,3_bromoquinoline,BOH2Ar_compound_2_as_BOH2_35-dimethylisoxazole-4-boronic_acid,BPinAr_compound_2_as_BPin_35-dimethylisoxazole-4-boronate,SPhos,case1,-12.609448759447844,,-12.82798839975527,-8.102725883111418,0.29566600024321676,-24.149969754740596,13.123654399998486,1M
90,3_chloropyridine,BOH2Ar_compound_2_as_BOH2_35-dimethylisoxazole-4-boronic_acid,BPinAr_compound_2_as_BPin_35-dimethylisoxazole-4-boronate,SPhos,case2,8.877983343224912,3.1767110003082752,-1.7483004821502268,15.166825943063884,14.836202904950767,-10.007197466213256,16.584503387100995,1M
90,3_chloropyridine,BOH2Ar_compound_6_benzofuran-2-boronic_acid,BPinAr_compound_6_benzofuran-2-boronate,SPhos,case3,8.877983343224912,-3.273838698592156,0.2643739826939404,-0.3307647747956812,8.769506261587082,-14.312278735917062,12.043344960179239,1M
90,2_chloropyridine,BOH2Ar_compound_9_as_BOH2_1-Boc-pyrrole-2-boronic_acid,BPinAr_compound_9_as_BPin_1-Boc-pyrrole-2-boronate,SPhos,case4,2.4222388005777598,-26.416242752883704,-11.558809731718213,-5.646192511640549,1.6581047721169293,-30.58228396670893,28.074347525000633,1M
90,3_bromoquinoline,BOH2Ar_compound_2_as_BOH2_35-dimethylisoxazole-4-boronic_acid,BPinAr_compound_2_as_BPin_35-dimethylisoxazole-4-boronate,tBu3,case1,-2.1373555372506976,-2.7231966871378273,-5.99952058969444,-1.7754179296121597,6.812712625969142,-16.538709660992026,12.812233215663582,1M
90,3_chloropyridine,BOH2Ar_compound_2_as_BOH2_35-dimethylisoxazole-4-boronic_acid,BPinAr_compound_2_as_BPin_35-dimethylisoxazole-4-boronate,tBu3,case2,-9.346444767531068,-3.2772310799529105,-8.12869648179418,-3.1905774093270898,1.776387029230535,-16.886109416838735,11.122831796761602,1M
90,3_chloropyridine,BOH2Ar_compound_6_benzofuran-2-boronic_acid,BPinAr_compound_6_benzofuran-2-boronate,tBu3,case3,-9.34644476799673,-7.661892405206457,-8.86659476543224,-3.7157929792106748,4.2867648526057005,-19.645374630577862,13.633209620602429,1M
90,2_chloropyridine,BOH2Ar_compound_9_as_BOH2_1-Boc-pyrrole-2-boronic_acid,BPinAr_compound_9_as_BPin_1-Boc-pyrrole-2-boronate,tBu3,case4,2.411500227307841,-9.488512436121821,-4.634423771038711,-5.066347478287354,-2.7244995470196605,-30.640055309748277,6.764012889102161,1M
90,3_bromoquinoline,BOH2Ar_compound_2_as_BOH2_35-dimethylisoxazole-4-boronic_acid,BPinAr_compound_2_as_BPin_35-dimethylisoxazole-4-boronate,XPhos,case1,-11.706268695745678,-17.383257974133016,-12.600231477156342,-0.1249979288355112,6.932012445662111,-13.990605311468244,24.315270419795127,1M
90,3_chloropyridine,BOH2Ar_compound_2_as_BOH2_35-dimethylisoxazole-4-boronic_acid,BPinAr_compound_2_as_BPin_35-dimethylisoxazole-4-boronate,XPhos,case2,-24.88483732529363,-19.40224863421929,-10.034470150809796,-7.212412563249528,-1.0731457798779607,-11.23114261124283,23.81169154541567,1M
90,3_chloropyridine,BOH2Ar_compound_6_benzofuran-2-boronic_acid,BPinAr_compound_6_benzofuran-2-boronate,XPhos,case3,-24.88483732529363,-25.014497528977813,-15.458962095066966,-10.68746490180871,-2.1045093211383223,-14.513133478350937,22.90998820783949,1M
90,2_chloropyridine,BOH2Ar_compound_9_as_BOH2_1-Boc-pyrrole-2-boronic_acid,BPinAr_compound_9_as_BPin_1-Boc-pyrrole-2-boronate,XPhos,case4,-35.09530703919387,-37.187287405792745,-26.652903946213485,-26.285445696305544,-15.989733847420723,-41.71845863433555,21.19755355837202,1M
110,3_bromoquinoline,BOH2Ar_compound_2_as_BOH2_35-dimethylisoxazole-4-boronic_acid,BPinAr_compound_2_as_BPin_35-dimethylisoxazole-4-boronate,PCy3,case1,-34.05060971603686,-25.13032831076446,-11.906356286080122,-8.713028877330512,-0.7675600348129272,-17.10851806914434,33.28304968122393,1M
110,3_chloropyridine,BOH2Ar_compound_2_as_BOH2_35-dimethylisoxazole-4-boronic_acid,BPinAr_compound_2_as_BPin_35-dimethylisoxazole-4-boronate,PCy3,case2,-19.04231766453901,-17.917527044768512,-9.908480992828995,-9.628021722016424,2.0300201090895236,-16.865394122432917,21.072337773628533,1M
110,3_chloropyridine,BOH2Ar_compound_6_benzofuran-2-boronic_acid,BPinAr_compound_6_benzofuran-2-boronate,PCy3,case3,-19.04231766500467,-27.20442072918552,-13.5636410362176,-11.54666509461546,0.1622551262289882,-20.031396409496665,27.36667585541451,1M
110,2_chloropyridine,BOH2Ar_compound_9_as_BOH2_1-Boc-pyrrole-2-boronic_acid,BPinAr_compound_9_as_BPin_1-Boc-pyrrole-2-boronate,PCy3,case4,-34.050728041035626,-29.593091827928156,-16.84681869466746,-2.6999785171910524,-1.314072277219534,-29.36238232674077,32.73665576381609,1M
110,3_bromoquinoline,BOH2Ar_compound_2_as_BOH2_35-dimethylisoxazole-4-boronic_acid,BPinAr_compound_2_as_BPin_35-dimethylisoxazole-4-boronate,PPh3,case1,-16.826339928721577,-26.27887595083478,-10.29362004744777,-9.572220946019083,-2.612007095766753,-14.974770373199135,23.666868855068028,1M
110,3_chloropyridine,BOH2Ar_compound_2_as_BOH2_35-dimethylisoxazole-4-boronic_acid,BPinAr_compound_2_as_BPin_35-dimethylisoxazole-4-boronate,PPh3,case2,-12.875672612161875,-23.065012365224838,-11.050654860967338,-9.23355399426961,-1.9138512204490006,-15.208515756763518,21.151161144775838,1M
110,3_chloropyridine,BOH2Ar_compound_6_benzofuran-2-boronic_acid,BPinAr_compound_6_benzofuran-2-boronate,PPh3,case3,-12.875672612627536,-25.46855729317206,-12.587546479245216,-10.311944511541665,-1.4872994914739728,-16.347980374004692,23.98125780169809,1M
110,2_chloropyridine,BOH2Ar_compound_9_as_BOH2_1-Boc-pyrrole-2-boronic_acid,BPinAr_compound_9_as_BPin_1-Boc-pyrrole-2-boronate,PPh3,case4,-15.90914036129558,-34.26767375470984,-14.300502132447004,-10.90210524975279,-5.74751136341089,-26.637639100663364,28.52016239129895,1M
110,3_chloropyridine,BOH2Ar_compound_2_as_BOH2_35-dimethylisoxazole-4-boronic_acid,BPinAr_compound_2_as_BPin_35-dimethylisoxazole-4-boronate,AmPhos,case2,-16.190820966669857,-12.993905628676593,-6.716310716988087,-5.478975239032447,2.424708461566329,-16.36198712605983,18.615529428236187,1M
110,3_chloropyridine,BOH2Ar_compound_6_benzofuran-2-boronic_acid,BPinAr_compound_6_benzofuran-2-boronate,AmPhos,case3,-16.190820966669857,-17.392491100001216,-10.256354768583119,-6.282589469858944,2.371916224891752,-16.368953849188983,19.764407324892968,1M
110,2_chloropyridine,BOH2Ar_compound_9_as_BOH2_1-Boc-pyrrole-2-boronic_acid,BPinAr_compound_9_as_BPin_1-Boc-pyrrole-2-boronate,AmPhos,case4,-18.061618799631983,-15.925627796090275,-11.581250936546862,-11.04382377519229,-5.698932885014951,-32.90544887352735,12.362685914617032,1M
110,3_bromoquinoline,BOH2Ar_compound_2_as_BOH2_35-dimethylisoxazole-4-boronic_acid,BPinAr_compound_2_as_BPin_35-dimethylisoxazole-4-boronate,Catacxium_A,case1,-13.556251380415201,-13.931165873649597,-7.704011545804828,-7.161618452341795,0.4988993696779609,-15.028366402722895,14.430065243327558,1M
110,3_chloropyridine,BOH2Ar_compound_2_as_BOH2_35-dimethylisoxazole-4-boronic_acid,BPinAr_compound_2_as_BPin_35-dimethylisoxazole-4-boronate,Catacxium_A,case2,-15.2498505765661,-8.617078109755248,-8.005904933260322,-4.461398448617697,0.14795312303161623,-16.436869071330875,15.397803699597716,1M
110,3_chloropyridine,BOH2Ar_compound_6_benzofuran-2-boronic_acid,BPinAr_compound_6_benzofuran-2-boronate,Catacxium_A,case3,-15.249850576100439,-11.19649266229856,-12.290061509524971,-9.613542882548213,0.25521874026438596,-17.80538174835965,15.505069316364825,1M
110,2_chloropyridine,BOH2Ar_compound_9_as_BOH2_1-Boc-pyrrole-2-boronic_acid,BPinAr_compound_9_as_BPin_1-Boc-pyrrole-2-boronate,Catacxium_A,case4,-9.9197705414235,-21.366395429353297,-11.387635828749776,-7.904377511059433,-0.7343943475834429,-32.580743248108774,20.632001081769854,1M
110,3_chloropyridine,BOH2Ar_compound_2_as_BOH2_35-dimethylisoxazole-4-boronic_acid,BPinAr_compound_2_as_BPin_35-dimethylisoxazole-4-boronate,RuPhos,case2,-8.944412907408118,-13.776712435874224,-9.621340695591211,-11.772022472051471,2.585020609377384,-20.784625711850822,16.361733045251608,1M
110,3_chloropyridine,BOH2Ar_compound_6_benzofuran-2-boronic_acid,BPinAr_compound_6_benzofuran-2-boronate,RuPhos,case3,-8.94441290787378,-15.152834443486363,-13.220118125723243,-10.44367386662358,2.254373612991035,-29.422615172341466,17.407208056477398,1M
110,2_chloropyridine,BOH2Ar_compound_9_as_BOH2_1-Boc-pyrrole-2-boronic_acid,BPinAr_compound_9_as_BPin_1-Boc-pyrrole-2-boronate,RuPhos,case4,3.3669902795836926,-20.798337486217797,-9.477771857110351,-8.473691897289395,6.446990091531038,-24.491472053341568,27.245327577748835,1M
110,3_bromoquinoline,BOH2Ar_compound_2_as_BOH2_35-dimethylisoxazole-4-boronic_acid,BPinAr_compound_2_as_BPin_35-dimethylisoxazole-4-boronate,SPhos,case1,-11.255261479699552,,-11.790253759650081,-7.060021983282208,1.3631021503270269,-23.83651953469962,13.153355909977108,1M
110,3_chloropyridine,BOH2Ar_compound_2_as_BOH2_35-dimethylisoxazole-4-boronic_acid,BPinAr_compound_2_as_BPin_35-dimethylisoxazole-4-boronate,SPhos,case2,10.131352113737226,5.363601270952195,-0.6966292521073818,16.209189803516924,15.8677510853768,-9.712035525590181,16.56438033748418,1M
110,3_chloropyridine,BOH2Ar_compound_6_benzofuran-2-boronic_acid,BPinAr_compound_6_benzofuran-2-boronate,SPhos,case3,10.131352113737226,-1.1010211893534958,1.185854442595005,0.6107468653381467,9.70886096189773,-14.130211325827986,10.809882151251227,1M
110,2_chloropyridine,BOH2Ar_compound_9_as_BOH2_1-Boc-pyrrole-2-boronic_acid,BPinAr_compound_9_as_BPin_1-Boc-pyrrole-2-boronate,SPhos,case4,3.773922560448259,-24.061188732850432,-10.506519701620132,-4.54824109171474,2.7572259024628103,-30.254333086311817,26.818414635313243,1M
110,3_bromoquinoline,BOH2Ar_compound_2_as_BOH2_35-dimethylisoxazole-4-boronic_acid,BPinAr_compound_2_as_BPin_35-dimethylisoxazole-4-boronate,tBu3,case1,-0.8722331871367395,-0.6206984472173005,-4.9636611396535635,-0.7273204599595964,7.8309037757017315,-16.36550738150254,12.794564915355295,1M
110,3_chloropyridine,BOH2Ar_compound_2_as_BOH2_35-dimethylisoxazole-4-boronic_acid,BPinAr_compound_2_as_BPin_35-dimethylisoxazole-4-boronate,tBu3,case2,-8.202624708003864,-1.0090652602902352,-7.111568682184011,-2.2028380397796035,2.734394848989755,-16.705300837289542,10.937019556993619,1M
110,3_chloropyridine,BOH2Ar_compound_6_benzofuran-2-boronic_acid,BPinAr_compound_6_benzofuran-2-boronate,tBu3,case3,-8.202624708003864,-5.518966915662467,-7.904123225304797,-2.7228754493962377,5.210414682459518,-19.491695100674406,13.413039390463382,1M
110,2_chloropyridine,BOH2Ar_compound_9_as_BOH2_1-Boc-pyrrole-2-boronic_acid,BPinAr_compound_9_as_BPin_1-Boc-pyrrole-2-boronate,tBu3,case4,3.582367617348641,-7.343184155522913,-3.671847980757743,-4.093460708679199,-1.7235218666582703,-30.412326369434595,5.619662288864642,1M
110,3_bromoquinoline,BOH2Ar_compound_2_as_BOH2_35-dimethylisoxazole-4-boronic_acid,BPinAr_compound_2_as_BPin_35-dimethylisoxazole-4-boronate,XPhos,case1,-10.336898405858815,-14.990625773667425,-11.483469076742917,0.9171011915341616,7.99802074599123,-13.746878330595791,22.988646519658655,1M
110,3_chloropyridine,BOH2Ar_compound_2_as_BOH2_35-dimethylisoxazole-4-boronic_acid,BPinAr_compound_2_as_BPin_35-dimethylisoxazole-4-boronate,XPhos,case2,-23.574757375577033,-17.065871833934516,-8.967957410318345,-6.131054683411062,-0.059342079618513566,-10.917028410825878,23.51541529595852,1M
110,3_chloropyridine,BOH2Ar_compound_6_benzofuran-2-boronic_acid,BPinAr_compound_6_benzofuran-2-boronate,XPhos,case3,-23.574757375577033,-22.688441969565183,-14.426044785240233,-9.702507882201612,-1.1615203715018332,-14.290642438456416,22.4132370040752,1M
110,2_chloropyridine,BOH2Ar_compound_9_as_BOH2_1-Boc-pyrrole-2-boronic_acid,BPinAr_compound_9_as_BPin_1-Boc-pyrrole-2-boronate,XPhos,case4,-33.961078479243014,-34.89898966636422,-25.6828086462892,-25.304384486572385,-14.976997417686075,-41.475529964547604,19.921992248678148,1M
